gvkey,datadate,tic,conm,prccm
033692,2018-06-30,XLC,STATE STREET COMMUNCTN SR SL,49.5300
033692,2018-07-31,XLC,STATE STREET COMMUNCTN SR SL,48.4600
033692,2018-08-31,XLC,STATE STREET COMMUNCTN SR SL,49.1800
033692,2018-09-30,XLC,STATE STREET COMMUNCTN SR SL,49.0000
033692,2018-10-31,XLC,STATE STREET COMMUNCTN SR SL,46.0400
033692,2018-11-30,XLC,STATE STREET COMMUNCTN SR SL,45.0100
033692,2018-12-31,XLC,STATE STREET COMMUNCTN SR SL,41.2800
033692,2019-01-31,XLC,STATE STREET COMMUNCTN SR SL,46.1300
033692,2019-02-28,XLC,STATE STREET COMMUNCTN SR SL,45.9200
033692,2019-03-31,XLC,STATE STREET COMMUNCTN SR SL,46.7700
033692,2019-04-30,XLC,STATE STREET COMMUNCTN SR SL,50.0700
033692,2019-05-31,XLC,STATE STREET COMMUNCTN SR SL,47.0900
033692,2019-06-30,XLC,STATE STREET COMMUNCTN SR SL,49.2200
033692,2019-07-31,XLC,STATE STREET COMMUNCTN SR SL,50.7800
033692,2019-08-31,XLC,STATE STREET COMMUNCTN SR SL,49.5300
033692,2019-09-30,XLC,STATE STREET COMMUNCTN SR SL,49.5200
033692,2019-10-31,XLC,STATE STREET COMMUNCTN SR SL,50.6200
033692,2019-11-30,XLC,STATE STREET COMMUNCTN SR SL,52.5600
033692,2019-12-31,XLC,STATE STREET COMMUNCTN SR SL,53.6300
033692,2020-01-31,XLC,STATE STREET COMMUNCTN SR SL,53.9100
033692,2020-02-29,XLC,STATE STREET COMMUNCTN SR SL,50.7600
033692,2020-03-31,XLC,STATE STREET COMMUNCTN SR SL,44.2400
033692,2020-04-30,XLC,STATE STREET COMMUNCTN SR SL,50.2800
033692,2020-05-31,XLC,STATE STREET COMMUNCTN SR SL,54.0200
033692,2020-06-30,XLC,STATE STREET COMMUNCTN SR SL,54.0400
033692,2020-07-31,XLC,STATE STREET COMMUNCTN SR SL,58.1300
033692,2020-08-31,XLC,STATE STREET COMMUNCTN SR SL,63.2600
033692,2020-09-30,XLC,STATE STREET COMMUNCTN SR SL,59.4000
033692,2020-10-31,XLC,STATE STREET COMMUNCTN SR SL,59.2000
033692,2020-11-30,XLC,STATE STREET COMMUNCTN SR SL,65.4000
033692,2020-12-31,XLC,STATE STREET COMMUNCTN SR SL,67.4800
033692,2021-01-31,XLC,STATE STREET COMMUNCTN SR SL,66.8800
033692,2021-02-28,XLC,STATE STREET COMMUNCTN SR SL,71.5700
033692,2021-03-31,XLC,STATE STREET COMMUNCTN SR SL,73.3200
033692,2021-04-30,XLC,STATE STREET COMMUNCTN SR SL,78.0500
033692,2021-05-31,XLC,STATE STREET COMMUNCTN SR SL,78.7900
033692,2021-06-30,XLC,STATE STREET COMMUNCTN SR SL,80.9700
033692,2021-07-31,XLC,STATE STREET COMMUNCTN SR SL,82.4000
033692,2021-08-31,XLC,STATE STREET COMMUNCTN SR SL,85.6200
033692,2021-09-30,XLC,STATE STREET COMMUNCTN SR SL,80.1100
033692,2021-10-31,XLC,STATE STREET COMMUNCTN SR SL,80.3000
033692,2021-11-30,XLC,STATE STREET COMMUNCTN SR SL,75.3700
033692,2021-12-31,XLC,STATE STREET COMMUNCTN SR SL,77.6800
033692,2022-01-31,XLC,STATE STREET COMMUNCTN SR SL,73.9500
033692,2022-02-28,XLC,STATE STREET COMMUNCTN SR SL,68.4500
033692,2022-03-31,XLC,STATE STREET COMMUNCTN SR SL,68.7800
033692,2022-04-30,XLC,STATE STREET COMMUNCTN SR SL,59.0600
033692,2022-05-31,XLC,STATE STREET COMMUNCTN SR SL,60.1800
033692,2022-06-30,XLC,STATE STREET COMMUNCTN SR SL,54.2700
033692,2022-07-31,XLC,STATE STREET COMMUNCTN SR SL,56.3700
033692,2022-08-31,XLC,STATE STREET COMMUNCTN SR SL,54.3800
033692,2022-09-30,XLC,STATE STREET COMMUNCTN SR SL,47.8900
033692,2022-10-31,XLC,STATE STREET COMMUNCTN SR SL,48.2100
033692,2022-11-30,XLC,STATE STREET COMMUNCTN SR SL,51.5100
033692,2022-12-31,XLC,STATE STREET COMMUNCTN SR SL,47.9900
033692,2023-01-31,XLC,STATE STREET COMMUNCTN SR SL,55.0800
033692,2023-02-28,XLC,STATE STREET COMMUNCTN SR SL,53.5000
033692,2023-03-31,XLC,STATE STREET COMMUNCTN SR SL,57.9700
033692,2023-04-30,XLC,STATE STREET COMMUNCTN SR SL,59.9000
033692,2023-05-31,XLC,STATE STREET COMMUNCTN SR SL,62.2400
033692,2023-06-30,XLC,STATE STREET COMMUNCTN SR SL,65.0800
033692,2023-07-31,XLC,STATE STREET COMMUNCTN SR SL,68.7900
033692,2023-08-31,XLC,STATE STREET COMMUNCTN SR SL,67.7300
033692,2023-09-30,XLC,STATE STREET COMMUNCTN SR SL,65.5700
033692,2023-10-31,XLC,STATE STREET COMMUNCTN SR SL,64.7200
033692,2023-11-30,XLC,STATE STREET COMMUNCTN SR SL,69.7700
033692,2023-12-31,XLC,STATE STREET COMMUNCTN SR SL,72.6600
033692,2024-01-31,XLC,STATE STREET COMMUNCTN SR SL,75.8800
033692,2024-02-29,XLC,STATE STREET COMMUNCTN SR SL,79.3600
033692,2024-03-31,XLC,STATE STREET COMMUNCTN SR SL,81.6600
033692,2024-04-30,XLC,STATE STREET COMMUNCTN SR SL,77.8600
033692,2024-05-31,XLC,STATE STREET COMMUNCTN SR SL,83.2600
033692,2024-06-30,XLC,STATE STREET COMMUNCTN SR SL,85.6600
033692,2024-07-31,XLC,STATE STREET COMMUNCTN SR SL,85.7900
033692,2024-08-31,XLC,STATE STREET COMMUNCTN SR SL,87.3200
033692,2024-09-30,XLC,STATE STREET COMMUNCTN SR SL,90.4000
033692,2024-10-31,XLC,STATE STREET COMMUNCTN SR SL,92.0400
033692,2024-11-30,XLC,STATE STREET COMMUNCTN SR SL,98.4000
033692,2024-12-31,XLC,STATE STREET COMMUNCTN SR SL,96.8100
033692,2025-01-31,XLC,STATE STREET COMMUNCTN SR SL,102.3800
033692,2025-02-28,XLC,STATE STREET COMMUNCTN SR SL,102.0000
033692,2025-03-31,XLC,STATE STREET COMMUNCTN SR SL,96.4500
033692,2025-04-30,XLC,STATE STREET COMMUNCTN SR SL,95.4400
033692,2025-05-31,XLC,STATE STREET COMMUNCTN SR SL,101.4000
033692,2025-06-30,XLC,STATE STREET COMMUNCTN SR SL,108.5300
033692,2025-07-31,XLC,STATE STREET COMMUNCTN SR SL,107.4100
033692,2025-08-31,XLC,STATE STREET COMMUNCTN SR SL,111.3900
033692,2025-09-30,XLC,STATE STREET COMMUNCTN SR SL,118.3700
033692,2025-10-31,XLC,STATE STREET COMMUNCTN SR SL,114.8100
033692,2025-11-30,XLC,STATE STREET COMMUNCTN SR SL,115.3900
033692,2025-12-31,XLC,STATE STREET COMMUNCTN SR SL,117.7200
033692,2026-01-31,XLC,STATE STREET COMMUNCTN SR SL,120.0800
033692,2026-02-28,XLC,STATE STREET COMMUNCTN SR SL,118.0500
033692,2026-03-31,XLC,STATE STREET COMMUNCTN SR SL,110.8600
033692,2026-04-30,XLC,STATE STREET COMMUNCTN SR SL,116.5100
033692,2026-05-31,XLC,STATE STREET COMMUNCTN SR SL,115.6900
033692,2026-06-30,XLC,STATE STREET COMMUNCTN SR SL,107.1300
033692,2026-07-31,XLC,STATE STREET COMMUNCTN SR SL,108.2400
033692,2026-08-31,XLC,STATE STREET COMMUNCTN SR SL,111.4600
033692,2026-09-30,XLC,STATE STREET COMMUNCTN SR SL,
043291,2023-09-30,XETM.,ISHARES S&P/TSX EY TR MAT IX,38.6400
043291,2023-10-31,XETM.,ISHARES S&P/TSX EY TR MAT IX,36.0800
043291,2023-11-30,XETM.,ISHARES S&P/TSX EY TR MAT IX,36.1600
043291,2023-12-31,XETM.,ISHARES S&P/TSX EY TR MAT IX,38.9200
043291,2024-01-31,XETM.,ISHARES S&P/TSX EY TR MAT IX,36.7500
043291,2024-02-29,XETM.,ISHARES S&P/TSX EY TR MAT IX,35.8200
043291,2024-03-31,XETM.,ISHARES S&P/TSX EY TR MAT IX,38.8200
043291,2024-04-30,XETM.,ISHARES S&P/TSX EY TR MAT IX,43.2900
043291,2024-05-31,XETM.,ISHARES S&P/TSX EY TR MAT IX,45.8200
043291,2024-06-30,XETM.,ISHARES S&P/TSX EY TR MAT IX,41.7600
043291,2024-07-31,XETM.,ISHARES S&P/TSX EY TR MAT IX,40.5000
043291,2024-08-31,XETM.,ISHARES S&P/TSX EY TR MAT IX,38.6900
043291,2024-09-30,XETM.,ISHARES S&P/TSX EY TR MAT IX,41.3000
043291,2024-10-31,XETM.,ISHARES S&P/TSX EY TR MAT IX,44.9600
043291,2024-11-30,XETM.,ISHARES S&P/TSX EY TR MAT IX,43.8300
043291,2024-12-31,XETM.,ISHARES S&P/TSX EY TR MAT IX,40.6500
043291,2025-01-31,XETM.,ISHARES S&P/TSX EY TR MAT IX,38.9500
043291,2025-02-28,XETM.,ISHARES S&P/TSX EY TR MAT IX,38.3400
043291,2025-03-31,XETM.,ISHARES S&P/TSX EY TR MAT IX,41.7800
043291,2025-04-30,XETM.,ISHARES S&P/TSX EY TR MAT IX,37.0000
043291,2025-05-31,XETM.,ISHARES S&P/TSX EY TR MAT IX,39.1800
043291,2025-06-30,XETM.,ISHARES S&P/TSX EY TR MAT IX,43.6300
043291,2025-07-31,XETM.,ISHARES S&P/TSX EY TR MAT IX,45.3000
043291,2025-08-31,XETM.,ISHARES S&P/TSX EY TR MAT IX,48.4700
043291,2025-09-30,XETM.,ISHARES S&P/TSX EY TR MAT IX,58.3000
043291,2025-10-31,XETM.,ISHARES S&P/TSX EY TR MAT IX,62.9000
043291,2025-11-30,XETM.,ISHARES S&P/TSX EY TR MAT IX,65.0000
043291,2025-12-31,XETM.,ISHARES S&P/TSX EY TR MAT IX,70.3500
043291,2026-01-31,XETM.,ISHARES S&P/TSX EY TR MAT IX,82.8600
043291,2026-02-28,XETM.,ISHARES S&P/TSX EY TR MAT IX,90.7600
043291,2026-03-31,XETM.,ISHARES S&P/TSX EY TR MAT IX,77.3800
043291,2026-04-30,XETM.,ISHARES S&P/TSX EY TR MAT IX,80.1200
043291,2026-05-31,XETM.,ISHARES S&P/TSX EY TR MAT IX,87.7400
043291,2026-06-30,XETM.,ISHARES S&P/TSX EY TR MAT IX,77.4900
043291,2026-07-31,XETM.,ISHARES S&P/TSX EY TR MAT IX,73.7600
043291,2026-08-31,XETM.,ISHARES S&P/TSX EY TR MAT IX,87.5500
050885,2024-11-30,NRGY.,GLOBAL X EQUAL WEIGHT CA ETF,20.3700
050885,2024-12-31,NRGY.,GLOBAL X EQUAL WEIGHT CA ETF,19.4800
050885,2025-01-31,NRGY.,GLOBAL X EQUAL WEIGHT CA ETF,19.4600
050885,2025-02-28,NRGY.,GLOBAL X EQUAL WEIGHT CA ETF,19.3800
050885,2025-03-31,NRGY.,GLOBAL X EQUAL WEIGHT CA ETF,20.4300
050885,2025-04-30,NRGY.,GLOBAL X EQUAL WEIGHT CA ETF,18.4200
050885,2025-05-31,NRGY.,GLOBAL X EQUAL WEIGHT CA ETF,19.1800
050885,2025-06-30,NRGY.,GLOBAL X EQUAL WEIGHT CA ETF,19.8200
050885,2025-07-31,NRGY.,GLOBAL X EQUAL WEIGHT CA ETF,20.1400
050885,2025-08-31,NRGY.,GLOBAL X EQUAL WEIGHT CA ETF,20.7500
050885,2025-09-30,NRGY.,GLOBAL X EQUAL WEIGHT CA ETF,21.4500
050885,2025-10-31,NRGY.,GLOBAL X EQUAL WEIGHT CA ETF,20.8100
050885,2025-11-30,NRGY.,GLOBAL X EQUAL WEIGHT CA ETF,22.0200
050885,2025-12-31,NRGY.,GLOBAL X EQUAL WEIGHT CA ETF,21.3900
050885,2026-01-31,NRGY.,GLOBAL X EQUAL WEIGHT CA ETF,22.9700
050885,2026-02-28,NRGY.,GLOBAL X EQUAL WEIGHT CA ETF,25.1500
050885,2026-03-31,NRGY.,GLOBAL X EQUAL WEIGHT CA ETF,27.8300
050885,2026-04-30,NRGY.,GLOBAL X EQUAL WEIGHT CA ETF,28.2300
050885,2026-05-31,NRGY.,GLOBAL X EQUAL WEIGHT CA ETF,27.7900
050885,2026-06-30,NRGY.,GLOBAL X EQUAL WEIGHT CA ETF,26.9700
050885,2026-07-31,NRGY.,GLOBAL X EQUAL WEIGHT CA ETF,29.5100
050885,2026-08-31,NRGY.,GLOBAL X EQUAL WEIGHT CA ETF,29.4300
050885,2026-09-30,NRGY.,GLOBAL X EQUAL WEIGHT CA ETF,
050890,2024-11-30,RING.,GLOBAL X EQ WEIG CAN TEL ETF,19.6700
050890,2024-12-31,RING.,GLOBAL X EQ WEIG CAN TEL ETF,17.6500
050890,2025-01-31,RING.,GLOBAL X EQ WEIG CAN TEL ETF,17.7200
050890,2025-02-28,RING.,GLOBAL X EQ WEIG CAN TEL ETF,17.7200
050890,2025-03-31,RING.,GLOBAL X EQ WEIG CAN TEL ETF,17.1400
050890,2025-04-30,RING.,GLOBAL X EQ WEIG CAN TEL ETF,16.4500
050890,2025-05-31,RING.,GLOBAL X EQ WEIG CAN TEL ETF,16.7200
050890,2025-06-30,RING.,GLOBAL X EQ WEIG CAN TEL ETF,17.2500
050890,2025-07-31,RING.,GLOBAL X EQ WEIG CAN TEL ETF,18.6100
050890,2025-08-31,RING.,GLOBAL X EQ WEIG CAN TEL ETF,19.3900
050890,2025-09-30,RING.,GLOBAL X EQ WEIG CAN TEL ETF,18.8900
050890,2025-10-31,RING.,GLOBAL X EQ WEIG CAN TEL ETF,19.2550
050890,2025-11-30,RING.,GLOBAL X EQ WEIG CAN TEL ETF,18.5800
050890,2025-12-31,RING.,GLOBAL X EQ WEIG CAN TEL ETF,18.3200
050890,2026-01-31,RING.,GLOBAL X EQ WEIG CAN TEL ETF,18.9300
050890,2026-02-28,RING.,GLOBAL X EQ WEIG CAN TEL ETF,19.2100
050890,2026-03-31,RING.,GLOBAL X EQ WEIG CAN TEL ETF,18.8700
050890,2026-04-30,RING.,GLOBAL X EQ WEIG CAN TEL ETF,17.5000
050890,2026-05-31,RING.,GLOBAL X EQ WEIG CAN TEL ETF,18.3500
050890,2026-06-30,RING.,GLOBAL X EQ WEIG CAN TEL ETF,16.3400
050890,2026-07-31,RING.,GLOBAL X EQ WEIG CAN TEL ETF,15.6600
050890,2026-08-31,RING.,GLOBAL X EQ WEIG CAN TEL ETF,16.4100
050890,2026-09-30,RING.,GLOBAL X EQ WEIG CAN TEL ETF,
060869,2025-07-31,DVUT,WEBS UTILITS XLU DFN VLT ETF,25.3817
060869,2025-08-31,DVUT,WEBS UTILITS XLU DFN VLT ETF,24.4973
060869,2025-09-30,DVUT,WEBS UTILITS XLU DFN VLT ETF,26.3168
060869,2025-10-31,DVUT,WEBS UTILITS XLU DFN VLT ETF,27.2025
060869,2025-11-30,DVUT,WEBS UTILITS XLU DFN VLT ETF,27.9438
060869,2025-12-31,DVUT,WEBS UTILITS XLU DFN VLT ETF,25.2057
060869,2026-01-31,DVUT,WEBS UTILITS XLU DFN VLT ETF,25.5756
060869,2026-02-28,DVUT,WEBS UTILITS XLU DFN VLT ETF,30.1228
060869,2026-03-31,DVUT,WEBS UTILITS XLU DFN VLT ETF,27.5955
060869,2026-04-30,DVUT,WEBS UTILITS XLU DFN VLT ETF,28.8070
060869,2026-05-31,DVUT,WEBS UTILITS XLU DFN VLT ETF,26.5014
060869,2026-06-30,DVUT,WEBS UTILITS XLU DFN VLT ETF,27.5250
060869,2026-07-31,DVUT,WEBS UTILITS XLU DFN VLT ETF,26.4507
060869,2026-08-31,DVUT,WEBS UTILITS XLU DFN VLT ETF,24.8500
060870,2025-07-31,DVXB,WEBS MATERLS XLB DEF VOL ETF,23.0531
060870,2025-08-31,DVXB,WEBS MATERLS XLB DEF VOL ETF,25.0393
060870,2025-09-30,DVXB,WEBS MATERLS XLB DEF VOL ETF,23.6988
060870,2025-10-31,DVXB,WEBS MATERLS XLB DEF VOL ETF,21.5175
060870,2025-11-30,DVXB,WEBS MATERLS XLB DEF VOL ETF,23.0844
060870,2025-12-31,DVXB,WEBS MATERLS XLB DEF VOL ETF,23.6121
060870,2026-01-31,DVXB,WEBS MATERLS XLB DEF VOL ETF,27.4132
060870,2026-02-28,DVXB,WEBS MATERLS XLB DEF VOL ETF,31.0476
060870,2026-03-31,DVXB,WEBS MATERLS XLB DEF VOL ETF,27.7735
060870,2026-04-30,DVXB,WEBS MATERLS XLB DEF VOL ETF,28.9105
060870,2026-05-31,DVXB,WEBS MATERLS XLB DEF VOL ETF,27.9889
060870,2026-06-30,DVXB,WEBS MATERLS XLB DEF VOL ETF,27.5446
060870,2026-07-31,DVXB,WEBS MATERLS XLB DEF VOL ETF,27.1831
060870,2026-08-31,DVXB,WEBS MATERLS XLB DEF VOL ETF,20.3600
060872,2025-07-31,DVXE,WEBS ENERGY XLE DFND VOL ETF,25.7544
060872,2025-08-31,DVXE,WEBS ENERGY XLE DFND VOL ETF,27.7048
060872,2025-09-30,DVXE,WEBS ENERGY XLE DFND VOL ETF,27.2432
060872,2025-10-31,DVXE,WEBS ENERGY XLE DFND VOL ETF,26.1537
060872,2025-11-30,DVXE,WEBS ENERGY XLE DFND VOL ETF,27.2049
060872,2025-12-31,DVXE,WEBS ENERGY XLE DFND VOL ETF,26.7308
060872,2026-01-31,DVXE,WEBS ENERGY XLE DFND VOL ETF,31.7158
060872,2026-02-28,DVXE,WEBS ENERGY XLE DFND VOL ETF,35.8850
060872,2026-03-31,DVXE,WEBS ENERGY XLE DFND VOL ETF,42.2846
060872,2026-04-30,DVXE,WEBS ENERGY XLE DFND VOL ETF,39.7092
060872,2026-05-31,DVXE,WEBS ENERGY XLE DFND VOL ETF,37.0710
060872,2026-06-30,DVXE,WEBS ENERGY XLE DFND VOL ETF,34.7064
060872,2026-07-31,DVXE,WEBS ENERGY XLE DFND VOL ETF,40.2581
060872,2026-08-31,DVXE,WEBS ENERGY XLE DFND VOL ETF,42.2950
126214,1996-03-31,EWC,ISHARES MSCI CANADA ETF,10.4375
126214,1996-04-30,EWC,ISHARES MSCI CANADA ETF,10.8125
126214,1996-05-31,EWC,ISHARES MSCI CANADA ETF,10.7500
126214,1996-06-30,EWC,ISHARES MSCI CANADA ETF,10.5625
126214,1996-07-31,EWC,ISHARES MSCI CANADA ETF,10.3750
126214,1996-08-31,EWC,ISHARES MSCI CANADA ETF,10.6250
126214,1996-09-30,EWC,ISHARES MSCI CANADA ETF,11.0625
126214,1996-10-31,EWC,ISHARES MSCI CANADA ETF,12.0000
126214,1996-11-30,EWC,ISHARES MSCI CANADA ETF,12.6875
126214,1996-12-31,EWC,ISHARES MSCI CANADA ETF,12.2500
126214,1997-01-31,EWC,ISHARES MSCI CANADA ETF,12.8750
126214,1997-02-28,EWC,ISHARES MSCI CANADA ETF,12.7500
126214,1997-03-31,EWC,ISHARES MSCI CANADA ETF,12.0000
126214,1997-04-30,EWC,ISHARES MSCI CANADA ETF,12.1875
126214,1997-05-31,EWC,ISHARES MSCI CANADA ETF,13.2500
126214,1997-06-30,EWC,ISHARES MSCI CANADA ETF,13.3750
126214,1997-07-31,EWC,ISHARES MSCI CANADA ETF,14.5000
126214,1997-08-31,EWC,ISHARES MSCI CANADA ETF,13.4375
126214,1997-09-30,EWC,ISHARES MSCI CANADA ETF,14.1875
126214,1997-10-31,EWC,ISHARES MSCI CANADA ETF,13.3750
126214,1997-11-30,EWC,ISHARES MSCI CANADA ETF,13.0000
126214,1997-12-31,EWC,ISHARES MSCI CANADA ETF,13.3125
126214,1998-01-31,EWC,ISHARES MSCI CANADA ETF,13.1875
126214,1998-02-28,EWC,ISHARES MSCI CANADA ETF,14.4375
126214,1998-03-31,EWC,ISHARES MSCI CANADA ETF,15.2500
126214,1998-04-30,EWC,ISHARES MSCI CANADA ETF,15.2500
126214,1998-05-31,EWC,ISHARES MSCI CANADA ETF,15.0000
126214,1998-06-30,EWC,ISHARES MSCI CANADA ETF,14.6875
126214,1998-07-31,EWC,ISHARES MSCI CANADA ETF,13.6250
126214,1998-08-31,EWC,ISHARES MSCI CANADA ETF,10.0000
126214,1998-09-30,EWC,ISHARES MSCI CANADA ETF,10.4375
126214,1998-10-31,EWC,ISHARES MSCI CANADA ETF,11.3750
126214,1998-11-30,EWC,ISHARES MSCI CANADA ETF,11.7500
126214,1998-12-31,EWC,ISHARES MSCI CANADA ETF,11.5625
126214,1999-01-31,EWC,ISHARES MSCI CANADA ETF,12.5625
126214,1999-02-28,EWC,ISHARES MSCI CANADA ETF,11.9375
126214,1999-03-31,EWC,ISHARES MSCI CANADA ETF,12.4375
126214,1999-04-30,EWC,ISHARES MSCI CANADA ETF,13.6875
126214,1999-05-31,EWC,ISHARES MSCI CANADA ETF,13.1250
126214,1999-06-30,EWC,ISHARES MSCI CANADA ETF,14.0625
126214,1999-07-31,EWC,ISHARES MSCI CANADA ETF,13.9375
126214,1999-08-31,EWC,ISHARES MSCI CANADA ETF,13.4375
126214,1999-09-30,EWC,ISHARES MSCI CANADA ETF,13.4375
126214,1999-10-31,EWC,ISHARES MSCI CANADA ETF,14.1875
126214,1999-11-30,EWC,ISHARES MSCI CANADA ETF,15.0625
126214,1999-12-31,EWC,ISHARES MSCI CANADA ETF,16.5000
126214,2000-01-31,EWC,ISHARES MSCI CANADA ETF,16.6875
126214,2000-02-29,EWC,ISHARES MSCI CANADA ETF,17.3750
126214,2000-03-31,EWC,ISHARES MSCI CANADA ETF,18.4375
126214,2000-04-30,EWC,ISHARES MSCI CANADA ETF,18.0625
126214,2000-05-31,EWC,ISHARES MSCI CANADA ETF,18.1250
126214,2000-06-30,EWC,ISHARES MSCI CANADA ETF,19.9375
126214,2000-07-31,EWC,ISHARES MSCI CANADA ETF,20.5000
126214,2000-08-31,EWC,ISHARES MSCI CANADA ETF,17.0000
126214,2000-09-30,EWC,ISHARES MSCI CANADA ETF,16.1250
126214,2000-10-31,EWC,ISHARES MSCI CANADA ETF,14.8750
126214,2000-11-30,EWC,ISHARES MSCI CANADA ETF,13.1875
126214,2000-12-31,EWC,ISHARES MSCI CANADA ETF,13.3750
126214,2001-01-31,EWC,ISHARES MSCI CANADA ETF,14.1000
126214,2001-02-28,EWC,ISHARES MSCI CANADA ETF,11.8700
126214,2001-03-31,EWC,ISHARES MSCI CANADA ETF,10.8500
126214,2001-04-30,EWC,ISHARES MSCI CANADA ETF,11.8000
126214,2001-05-31,EWC,ISHARES MSCI CANADA ETF,12.2000
126214,2001-06-30,EWC,ISHARES MSCI CANADA ETF,11.5000
126214,2001-07-31,EWC,ISHARES MSCI CANADA ETF,11.3600
126214,2001-08-31,EWC,ISHARES MSCI CANADA ETF,10.7100
126214,2001-09-30,EWC,ISHARES MSCI CANADA ETF,9.6500
126214,2001-10-31,EWC,ISHARES MSCI CANADA ETF,9.6200
126214,2001-11-30,EWC,ISHARES MSCI CANADA ETF,10.6000
126214,2001-12-31,EWC,ISHARES MSCI CANADA ETF,10.6200
126214,2002-01-31,EWC,ISHARES MSCI CANADA ETF,10.6000
126214,2002-02-28,EWC,ISHARES MSCI CANADA ETF,10.7000
126214,2002-03-31,EWC,ISHARES MSCI CANADA ETF,11.0600
126214,2002-04-30,EWC,ISHARES MSCI CANADA ETF,11.1400
126214,2002-05-31,EWC,ISHARES MSCI CANADA ETF,11.3100
126214,2002-06-30,EWC,ISHARES MSCI CANADA ETF,10.6200
126214,2002-07-31,EWC,ISHARES MSCI CANADA ETF,9.2600
126214,2002-08-31,EWC,ISHARES MSCI CANADA ETF,9.7000
126214,2002-09-30,EWC,ISHARES MSCI CANADA ETF,8.6000
126214,2002-10-31,EWC,ISHARES MSCI CANADA ETF,9.1000
126214,2002-11-30,EWC,ISHARES MSCI CANADA ETF,9.6300
126214,2002-12-31,EWC,ISHARES MSCI CANADA ETF,9.4400
126214,2003-01-31,EWC,ISHARES MSCI CANADA ETF,9.8400
126214,2003-02-28,EWC,ISHARES MSCI CANADA ETF,10.0000
126214,2003-03-31,EWC,ISHARES MSCI CANADA ETF,9.7600
126214,2003-04-30,EWC,ISHARES MSCI CANADA ETF,10.5000
126214,2003-05-31,EWC,ISHARES MSCI CANADA ETF,11.5000
126214,2003-06-30,EWC,ISHARES MSCI CANADA ETF,11.8000
126214,2003-07-31,EWC,ISHARES MSCI CANADA ETF,11.6600
126214,2003-08-31,EWC,ISHARES MSCI CANADA ETF,12.3200
126214,2003-09-30,EWC,ISHARES MSCI CANADA ETF,12.4100
126214,2003-10-31,EWC,ISHARES MSCI CANADA ETF,13.2200
126214,2003-11-30,EWC,ISHARES MSCI CANADA ETF,13.7700
126214,2003-12-31,EWC,ISHARES MSCI CANADA ETF,14.2500
126214,2004-01-31,EWC,ISHARES MSCI CANADA ETF,14.3100
126214,2004-02-29,EWC,ISHARES MSCI CANADA ETF,14.6900
126214,2004-03-31,EWC,ISHARES MSCI CANADA ETF,14.5900
126214,2004-04-30,EWC,ISHARES MSCI CANADA ETF,13.3600
126214,2004-05-31,EWC,ISHARES MSCI CANADA ETF,13.5900
126214,2004-06-30,EWC,ISHARES MSCI CANADA ETF,14.3700
126214,2004-07-31,EWC,ISHARES MSCI CANADA ETF,14.3600
126214,2004-08-31,EWC,ISHARES MSCI CANADA ETF,14.2800
126214,2004-09-30,EWC,ISHARES MSCI CANADA ETF,15.4600
126214,2004-10-31,EWC,ISHARES MSCI CANADA ETF,16.4500
126214,2004-11-30,EWC,ISHARES MSCI CANADA ETF,17.2700
126214,2004-12-31,EWC,ISHARES MSCI CANADA ETF,17.2900
126214,2005-01-31,EWC,ISHARES MSCI CANADA ETF,16.5000
126214,2005-02-28,EWC,ISHARES MSCI CANADA ETF,17.6000
126214,2005-03-31,EWC,ISHARES MSCI CANADA ETF,17.8500
126214,2005-04-30,EWC,ISHARES MSCI CANADA ETF,16.7600
126214,2005-05-31,EWC,ISHARES MSCI CANADA ETF,17.2200
126214,2005-06-30,EWC,ISHARES MSCI CANADA ETF,18.1500
126214,2005-07-31,EWC,ISHARES MSCI CANADA ETF,19.2100
126214,2005-08-31,EWC,ISHARES MSCI CANADA ETF,20.4000
126214,2005-09-30,EWC,ISHARES MSCI CANADA ETF,21.5700
126214,2005-10-31,EWC,ISHARES MSCI CANADA ETF,20.0000
126214,2005-11-30,EWC,ISHARES MSCI CANADA ETF,21.0500
126214,2005-12-31,EWC,ISHARES MSCI CANADA ETF,21.9000
126214,2006-01-31,EWC,ISHARES MSCI CANADA ETF,23.8800
126214,2006-02-28,EWC,ISHARES MSCI CANADA ETF,23.3400
126214,2006-03-31,EWC,ISHARES MSCI CANADA ETF,23.6300
126214,2006-04-30,EWC,ISHARES MSCI CANADA ETF,24.8600
126214,2006-05-31,EWC,ISHARES MSCI CANADA ETF,24.3000
126214,2006-06-30,EWC,ISHARES MSCI CANADA ETF,23.7500
126214,2006-07-31,EWC,ISHARES MSCI CANADA ETF,23.7800
126214,2006-08-31,EWC,ISHARES MSCI CANADA ETF,24.7500
126214,2006-09-30,EWC,ISHARES MSCI CANADA ETF,24.0000
126214,2006-10-31,EWC,ISHARES MSCI CANADA ETF,24.6400
126214,2006-11-30,EWC,ISHARES MSCI CANADA ETF,25.7700
126214,2006-12-31,EWC,ISHARES MSCI CANADA ETF,25.3200
126214,2007-01-31,EWC,ISHARES MSCI CANADA ETF,25.3400
126214,2007-02-28,EWC,ISHARES MSCI CANADA ETF,25.4900
126214,2007-03-31,EWC,ISHARES MSCI CANADA ETF,26.1500
126214,2007-04-30,EWC,ISHARES MSCI CANADA ETF,27.5700
126214,2007-05-31,EWC,ISHARES MSCI CANADA ETF,30.1000
126214,2007-06-30,EWC,ISHARES MSCI CANADA ETF,29.8600
126214,2007-07-31,EWC,ISHARES MSCI CANADA ETF,29.8900
126214,2007-08-31,EWC,ISHARES MSCI CANADA ETF,29.9000
126214,2007-09-30,EWC,ISHARES MSCI CANADA ETF,32.7300
126214,2007-10-31,EWC,ISHARES MSCI CANADA ETF,36.0800
126214,2007-11-30,EWC,ISHARES MSCI CANADA ETF,31.9100
126214,2007-12-31,EWC,ISHARES MSCI CANADA ETF,32.1200
126214,2008-01-31,EWC,ISHARES MSCI CANADA ETF,30.2800
126214,2008-02-29,EWC,ISHARES MSCI CANADA ETF,32.0100
126214,2008-03-31,EWC,ISHARES MSCI CANADA ETF,30.3100
126214,2008-04-30,EWC,ISHARES MSCI CANADA ETF,32.4600
126214,2008-05-31,EWC,ISHARES MSCI CANADA ETF,35.0100
126214,2008-06-30,EWC,ISHARES MSCI CANADA ETF,33.1600
126214,2008-07-31,EWC,ISHARES MSCI CANADA ETF,31.3500
126214,2008-08-31,EWC,ISHARES MSCI CANADA ETF,30.3800
126214,2008-09-30,EWC,ISHARES MSCI CANADA ETF,26.3400
126214,2008-10-31,EWC,ISHARES MSCI CANADA ETF,19.1800
126214,2008-11-30,EWC,ISHARES MSCI CANADA ETF,17.1100
126214,2008-12-31,EWC,ISHARES MSCI CANADA ETF,17.4300
126214,2009-01-31,EWC,ISHARES MSCI CANADA ETF,16.7000
126214,2009-02-28,EWC,ISHARES MSCI CANADA ETF,15.0900
126214,2009-03-31,EWC,ISHARES MSCI CANADA ETF,16.4600
126214,2009-04-30,EWC,ISHARES MSCI CANADA ETF,18.7400
126214,2009-05-31,EWC,ISHARES MSCI CANADA ETF,23.1000
126214,2009-06-30,EWC,ISHARES MSCI CANADA ETF,21.4200
126214,2009-07-31,EWC,ISHARES MSCI CANADA ETF,24.2000
126214,2009-08-31,EWC,ISHARES MSCI CANADA ETF,23.7800
126214,2009-09-30,EWC,ISHARES MSCI CANADA ETF,25.4800
126214,2009-10-31,EWC,ISHARES MSCI CANADA ETF,23.8500
126214,2009-11-30,EWC,ISHARES MSCI CANADA ETF,25.9100
126214,2009-12-31,EWC,ISHARES MSCI CANADA ETF,26.3300
126214,2010-01-31,EWC,ISHARES MSCI CANADA ETF,24.4400
126214,2010-02-28,EWC,ISHARES MSCI CANADA ETF,25.9100
126214,2010-03-31,EWC,ISHARES MSCI CANADA ETF,27.9100
126214,2010-04-30,EWC,ISHARES MSCI CANADA ETF,28.2300
126214,2010-05-31,EWC,ISHARES MSCI CANADA ETF,26.1700
126214,2010-06-30,EWC,ISHARES MSCI CANADA ETF,24.8700
126214,2010-07-31,EWC,ISHARES MSCI CANADA ETF,26.6600
126214,2010-08-31,EWC,ISHARES MSCI CANADA ETF,26.1000
126214,2010-09-30,EWC,ISHARES MSCI CANADA ETF,28.0300
126214,2010-10-31,EWC,ISHARES MSCI CANADA ETF,28.9225
126214,2010-11-30,EWC,ISHARES MSCI CANADA ETF,29.3300
126214,2010-12-31,EWC,ISHARES MSCI CANADA ETF,31.0000
126214,2011-01-31,EWC,ISHARES MSCI CANADA ETF,31.2900
126214,2011-02-28,EWC,ISHARES MSCI CANADA ETF,33.6700
126214,2011-03-31,EWC,ISHARES MSCI CANADA ETF,33.6100
126214,2011-04-30,EWC,ISHARES MSCI CANADA ETF,33.7000
126214,2011-05-31,EWC,ISHARES MSCI CANADA ETF,32.9000
126214,2011-06-30,EWC,ISHARES MSCI CANADA ETF,31.6700
126214,2011-07-31,EWC,ISHARES MSCI CANADA ETF,30.9400
126214,2011-08-31,EWC,ISHARES MSCI CANADA ETF,29.8900
126214,2011-09-30,EWC,ISHARES MSCI CANADA ETF,25.4900
126214,2011-10-31,EWC,ISHARES MSCI CANADA ETF,28.2400
126214,2011-11-30,EWC,ISHARES MSCI CANADA ETF,27.4600
126214,2011-12-31,EWC,ISHARES MSCI CANADA ETF,26.6000
126214,2012-01-31,EWC,ISHARES MSCI CANADA ETF,28.1100
126214,2012-02-29,EWC,ISHARES MSCI CANADA ETF,29.0200
126214,2012-03-31,EWC,ISHARES MSCI CANADA ETF,28.3400
126214,2012-04-30,EWC,ISHARES MSCI CANADA ETF,28.3600
126214,2012-05-31,EWC,ISHARES MSCI CANADA ETF,25.3200
126214,2012-06-30,EWC,ISHARES MSCI CANADA ETF,25.8400
126214,2012-07-31,EWC,ISHARES MSCI CANADA ETF,26.2900
126214,2012-08-31,EWC,ISHARES MSCI CANADA ETF,27.5000
126214,2012-09-30,EWC,ISHARES MSCI CANADA ETF,28.4900
126214,2012-10-31,EWC,ISHARES MSCI CANADA ETF,28.4900
126214,2012-11-30,EWC,ISHARES MSCI CANADA ETF,28.1100
126214,2012-12-31,EWC,ISHARES MSCI CANADA ETF,28.4000
126214,2013-01-31,EWC,ISHARES MSCI CANADA ETF,28.8700
126214,2013-02-28,EWC,ISHARES MSCI CANADA ETF,28.2200
126214,2013-03-31,EWC,ISHARES MSCI CANADA ETF,28.5100
126214,2013-04-30,EWC,ISHARES MSCI CANADA ETF,28.0200
126214,2013-05-31,EWC,ISHARES MSCI CANADA ETF,27.7300
126214,2013-06-30,EWC,ISHARES MSCI CANADA ETF,26.1500
126214,2013-07-31,EWC,ISHARES MSCI CANADA ETF,27.6300
126214,2013-08-31,EWC,ISHARES MSCI CANADA ETF,27.3900
126214,2013-09-30,EWC,ISHARES MSCI CANADA ETF,28.3100
126214,2013-10-31,EWC,ISHARES MSCI CANADA ETF,29.3550
126214,2013-11-30,EWC,ISHARES MSCI CANADA ETF,29.0900
126214,2013-12-31,EWC,ISHARES MSCI CANADA ETF,29.1600
126214,2014-01-31,EWC,ISHARES MSCI CANADA ETF,27.9300
126214,2014-02-28,EWC,ISHARES MSCI CANADA ETF,29.1800
126214,2014-03-31,EWC,ISHARES MSCI CANADA ETF,29.5500
126214,2014-04-30,EWC,ISHARES MSCI CANADA ETF,30.5400
126214,2014-05-31,EWC,ISHARES MSCI CANADA ETF,30.7000
126214,2014-06-30,EWC,ISHARES MSCI CANADA ETF,32.2100
126214,2014-07-31,EWC,ISHARES MSCI CANADA ETF,32.1600
126214,2014-08-31,EWC,ISHARES MSCI CANADA ETF,32.8600
126214,2014-09-30,EWC,ISHARES MSCI CANADA ETF,30.6900
126214,2014-10-31,EWC,ISHARES MSCI CANADA ETF,29.9200
126214,2014-11-30,EWC,ISHARES MSCI CANADA ETF,29.9400
126214,2014-12-31,EWC,ISHARES MSCI CANADA ETF,28.8600
126214,2015-01-31,EWC,ISHARES MSCI CANADA ETF,26.4400
126214,2015-02-28,EWC,ISHARES MSCI CANADA ETF,28.0200
126214,2015-03-31,EWC,ISHARES MSCI CANADA ETF,27.1800
126214,2015-04-30,EWC,ISHARES MSCI CANADA ETF,29.1200
126214,2015-05-31,EWC,ISHARES MSCI CANADA ETF,27.7800
126214,2015-06-30,EWC,ISHARES MSCI CANADA ETF,26.6700
126214,2015-07-31,EWC,ISHARES MSCI CANADA ETF,25.5500
126214,2015-08-31,EWC,ISHARES MSCI CANADA ETF,24.2700
126214,2015-09-30,EWC,ISHARES MSCI CANADA ETF,23.0000
126214,2015-10-31,EWC,ISHARES MSCI CANADA ETF,23.8000
126214,2015-11-30,EWC,ISHARES MSCI CANADA ETF,23.2700
126214,2015-12-31,EWC,ISHARES MSCI CANADA ETF,21.5000
126214,2016-01-31,EWC,ISHARES MSCI CANADA ETF,20.9100
126214,2016-02-29,EWC,ISHARES MSCI CANADA ETF,21.6300
126214,2016-03-31,EWC,ISHARES MSCI CANADA ETF,23.7100
126214,2016-04-30,EWC,ISHARES MSCI CANADA ETF,25.4000
126214,2016-05-31,EWC,ISHARES MSCI CANADA ETF,24.4800
126214,2016-06-30,EWC,ISHARES MSCI CANADA ETF,24.5100
126214,2016-07-31,EWC,ISHARES MSCI CANADA ETF,25.2400
126214,2016-08-31,EWC,ISHARES MSCI CANADA ETF,25.3100
126214,2016-09-30,EWC,ISHARES MSCI CANADA ETF,25.6900
126214,2016-10-31,EWC,ISHARES MSCI CANADA ETF,25.3500
126214,2016-11-30,EWC,ISHARES MSCI CANADA ETF,26.0100
126214,2016-12-31,EWC,ISHARES MSCI CANADA ETF,26.1500
126214,2017-01-31,EWC,ISHARES MSCI CANADA ETF,27.1800
126214,2017-02-28,EWC,ISHARES MSCI CANADA ETF,26.6900
126214,2017-03-31,EWC,ISHARES MSCI CANADA ETF,26.8800
126214,2017-04-30,EWC,ISHARES MSCI CANADA ETF,26.2600
126214,2017-05-31,EWC,ISHARES MSCI CANADA ETF,26.1600
126214,2017-06-30,EWC,ISHARES MSCI CANADA ETF,26.7600
126214,2017-07-31,EWC,ISHARES MSCI CANADA ETF,27.9000
126214,2017-08-31,EWC,ISHARES MSCI CANADA ETF,27.8700
126214,2017-09-30,EWC,ISHARES MSCI CANADA ETF,28.9400
126214,2017-10-31,EWC,ISHARES MSCI CANADA ETF,28.7900
126214,2017-11-30,EWC,ISHARES MSCI CANADA ETF,28.9400
126214,2017-12-31,EWC,ISHARES MSCI CANADA ETF,29.6400
126214,2018-01-31,EWC,ISHARES MSCI CANADA ETF,29.8800
126214,2018-02-28,EWC,ISHARES MSCI CANADA ETF,27.7900
126214,2018-03-31,EWC,ISHARES MSCI CANADA ETF,27.5600
126214,2018-04-30,EWC,ISHARES MSCI CANADA ETF,28.1300
126214,2018-05-31,EWC,ISHARES MSCI CANADA ETF,28.7400
126214,2018-06-30,EWC,ISHARES MSCI CANADA ETF,28.5100
126214,2018-07-31,EWC,ISHARES MSCI CANADA ETF,29.2100
126214,2018-08-31,EWC,ISHARES MSCI CANADA ETF,28.8000
126214,2018-09-30,EWC,ISHARES MSCI CANADA ETF,28.7800
126214,2018-10-31,EWC,ISHARES MSCI CANADA ETF,26.5100
126214,2018-11-30,EWC,ISHARES MSCI CANADA ETF,26.6400
126214,2018-12-31,EWC,ISHARES MSCI CANADA ETF,23.9600
126214,2019-01-31,EWC,ISHARES MSCI CANADA ETF,27.0500
126214,2019-02-28,EWC,ISHARES MSCI CANADA ETF,27.8500
126214,2019-03-31,EWC,ISHARES MSCI CANADA ETF,27.6400
126214,2019-04-30,EWC,ISHARES MSCI CANADA ETF,28.5500
126214,2019-05-31,EWC,ISHARES MSCI CANADA ETF,27.3300
126214,2019-06-30,EWC,ISHARES MSCI CANADA ETF,28.6200
126214,2019-07-31,EWC,ISHARES MSCI CANADA ETF,28.3900
126214,2019-08-31,EWC,ISHARES MSCI CANADA ETF,28.1900
126214,2019-09-30,EWC,ISHARES MSCI CANADA ETF,28.9000
126214,2019-10-31,EWC,ISHARES MSCI CANADA ETF,28.7800
126214,2019-11-30,EWC,ISHARES MSCI CANADA ETF,29.6300
126214,2019-12-31,EWC,ISHARES MSCI CANADA ETF,29.8900
126214,2020-01-31,EWC,ISHARES MSCI CANADA ETF,29.6700
126214,2020-02-29,EWC,ISHARES MSCI CANADA ETF,27.5900
126214,2020-03-31,EWC,ISHARES MSCI CANADA ETF,21.8500
126214,2020-04-30,EWC,ISHARES MSCI CANADA ETF,24.2800
126214,2020-05-31,EWC,ISHARES MSCI CANADA ETF,25.1400
126214,2020-06-30,EWC,ISHARES MSCI CANADA ETF,25.8800
126214,2020-07-31,EWC,ISHARES MSCI CANADA ETF,27.3100
126214,2020-08-31,EWC,ISHARES MSCI CANADA ETF,28.7100
126214,2020-09-30,EWC,ISHARES MSCI CANADA ETF,27.4100
126214,2020-10-31,EWC,ISHARES MSCI CANADA ETF,26.4700
126214,2020-11-30,EWC,ISHARES MSCI CANADA ETF,30.2800
126214,2020-12-31,EWC,ISHARES MSCI CANADA ETF,30.8400
126214,2021-01-31,EWC,ISHARES MSCI CANADA ETF,30.6000
126214,2021-02-28,EWC,ISHARES MSCI CANADA ETF,32.1700
126214,2021-03-31,EWC,ISHARES MSCI CANADA ETF,34.0500
126214,2021-04-30,EWC,ISHARES MSCI CANADA ETF,35.6100
126214,2021-05-31,EWC,ISHARES MSCI CANADA ETF,37.8700
126214,2021-06-30,EWC,ISHARES MSCI CANADA ETF,37.2700
126214,2021-07-31,EWC,ISHARES MSCI CANADA ETF,37.3300
126214,2021-08-31,EWC,ISHARES MSCI CANADA ETF,37.3400
126214,2021-09-30,EWC,ISHARES MSCI CANADA ETF,36.3000
126214,2021-10-31,EWC,ISHARES MSCI CANADA ETF,39.1800
126214,2021-11-30,EWC,ISHARES MSCI CANADA ETF,37.3800
126214,2021-12-31,EWC,ISHARES MSCI CANADA ETF,38.4300
126214,2022-01-31,EWC,ISHARES MSCI CANADA ETF,38.1900
126214,2022-02-28,EWC,ISHARES MSCI CANADA ETF,38.2200
126214,2022-03-31,EWC,ISHARES MSCI CANADA ETF,40.2100
126214,2022-04-30,EWC,ISHARES MSCI CANADA ETF,37.0500
126214,2022-05-31,EWC,ISHARES MSCI CANADA ETF,37.8300
126214,2022-06-30,EWC,ISHARES MSCI CANADA ETF,33.6800
126214,2022-07-31,EWC,ISHARES MSCI CANADA ETF,35.3100
126214,2022-08-31,EWC,ISHARES MSCI CANADA ETF,33.6900
126214,2022-09-30,EWC,ISHARES MSCI CANADA ETF,30.7600
126214,2022-10-31,EWC,ISHARES MSCI CANADA ETF,33.0300
126214,2022-11-30,EWC,ISHARES MSCI CANADA ETF,35.1900
126214,2022-12-31,EWC,ISHARES MSCI CANADA ETF,32.7300
126214,2023-01-31,EWC,ISHARES MSCI CANADA ETF,35.8300
126214,2023-02-28,EWC,ISHARES MSCI CANADA ETF,34.0500
126214,2023-03-31,EWC,ISHARES MSCI CANADA ETF,34.1800
126214,2023-04-30,EWC,ISHARES MSCI CANADA ETF,35.2000
126214,2023-05-31,EWC,ISHARES MSCI CANADA ETF,33.2600
126214,2023-06-30,EWC,ISHARES MSCI CANADA ETF,34.9900
126214,2023-07-31,EWC,ISHARES MSCI CANADA ETF,36.0800
126214,2023-08-31,EWC,ISHARES MSCI CANADA ETF,34.6900
126214,2023-09-30,EWC,ISHARES MSCI CANADA ETF,33.4600
126214,2023-10-31,EWC,ISHARES MSCI CANADA ETF,31.7400
126214,2023-11-30,EWC,ISHARES MSCI CANADA ETF,34.9800
126214,2023-12-31,EWC,ISHARES MSCI CANADA ETF,36.6800
126214,2024-01-31,EWC,ISHARES MSCI CANADA ETF,36.3500
126214,2024-02-29,EWC,ISHARES MSCI CANADA ETF,36.7700
126214,2024-03-31,EWC,ISHARES MSCI CANADA ETF,38.2800
126214,2024-04-30,EWC,ISHARES MSCI CANADA ETF,36.9200
126214,2024-05-31,EWC,ISHARES MSCI CANADA ETF,38.2600
126214,2024-06-30,EWC,ISHARES MSCI CANADA ETF,37.0900
126214,2024-07-31,EWC,ISHARES MSCI CANADA ETF,38.9200
126214,2024-08-31,EWC,ISHARES MSCI CANADA ETF,40.4900
126214,2024-09-30,EWC,ISHARES MSCI CANADA ETF,41.5200
126214,2024-10-31,EWC,ISHARES MSCI CANADA ETF,40.6300
126214,2024-11-30,EWC,ISHARES MSCI CANADA ETF,43.2500
126214,2024-12-31,EWC,ISHARES MSCI CANADA ETF,40.3000
126214,2025-01-31,EWC,ISHARES MSCI CANADA ETF,41.2200
126214,2025-02-28,EWC,ISHARES MSCI CANADA ETF,41.2300
126214,2025-03-31,EWC,ISHARES MSCI CANADA ETF,40.7500
126214,2025-04-30,EWC,ISHARES MSCI CANADA ETF,42.4500
126214,2025-05-31,EWC,ISHARES MSCI CANADA ETF,44.9600
126214,2025-06-30,EWC,ISHARES MSCI CANADA ETF,46.2000
126214,2025-07-31,EWC,ISHARES MSCI CANADA ETF,46.1800
126214,2025-08-31,EWC,ISHARES MSCI CANADA ETF,48.7900
126214,2025-09-30,EWC,ISHARES MSCI CANADA ETF,50.5500
126214,2025-10-31,EWC,ISHARES MSCI CANADA ETF,50.7400
126214,2025-11-30,EWC,ISHARES MSCI CANADA ETF,52.7000
126214,2025-12-31,EWC,ISHARES MSCI CANADA ETF,53.9300
126214,2026-01-31,EWC,ISHARES MSCI CANADA ETF,54.2600
126214,2026-02-28,EWC,ISHARES MSCI CANADA ETF,57.9800
126214,2026-03-31,EWC,ISHARES MSCI CANADA ETF,54.7900
126214,2026-04-30,EWC,ISHARES MSCI CANADA ETF,58.6000
126214,2026-05-31,EWC,ISHARES MSCI CANADA ETF,58.8100
126214,2026-06-30,EWC,ISHARES MSCI CANADA ETF,57.6400
126214,2026-07-31,EWC,ISHARES MSCI CANADA ETF,59.3900
126214,2026-08-31,EWC,ISHARES MSCI CANADA ETF,61.4300
142831,2002-09-30,XIT.,ISHARES S&P/TSX CAP IT ETF,2.8500
142831,2002-10-31,XIT.,ISHARES S&P/TSX CAP IT ETF,3.6500
142831,2002-11-30,XIT.,ISHARES S&P/TSX CAP IT ETF,4.7500
142831,2002-12-31,XIT.,ISHARES S&P/TSX CAP IT ETF,4.0000
142831,2003-01-31,XIT.,ISHARES S&P/TSX CAP IT ETF,4.2000
142831,2003-02-28,XIT.,ISHARES S&P/TSX CAP IT ETF,4.0000
142831,2003-03-31,XIT.,ISHARES S&P/TSX CAP IT ETF,3.9300
142831,2003-04-30,XIT.,ISHARES S&P/TSX CAP IT ETF,4.4100
142831,2003-05-31,XIT.,ISHARES S&P/TSX CAP IT ETF,4.8600
142831,2003-06-30,XIT.,ISHARES S&P/TSX CAP IT ETF,4.8000
142831,2003-07-31,XIT.,ISHARES S&P/TSX CAP IT ETF,5.1700
142831,2003-08-31,XIT.,ISHARES S&P/TSX CAP IT ETF,5.7900
142831,2003-09-30,XIT.,ISHARES S&P/TSX CAP IT ETF,6.0300
142831,2003-10-31,XIT.,ISHARES S&P/TSX CAP IT ETF,6.1600
142831,2003-11-30,XIT.,ISHARES S&P/TSX CAP IT ETF,6.2200
142831,2003-12-31,XIT.,ISHARES S&P/TSX CAP IT ETF,6.2900
142831,2004-01-31,XIT.,ISHARES S&P/TSX CAP IT ETF,8.4400
142831,2004-02-29,XIT.,ISHARES S&P/TSX CAP IT ETF,8.7800
142831,2004-03-31,XIT.,ISHARES S&P/TSX CAP IT ETF,7.9800
142831,2004-04-30,XIT.,ISHARES S&P/TSX CAP IT ETF,7.1900
142831,2004-05-31,XIT.,ISHARES S&P/TSX CAP IT ETF,8.0800
142831,2004-06-30,XIT.,ISHARES S&P/TSX CAP IT ETF,9.0400
142831,2004-07-31,XIT.,ISHARES S&P/TSX CAP IT ETF,7.7200
142831,2004-08-31,XIT.,ISHARES S&P/TSX CAP IT ETF,7.2000
142831,2004-09-30,XIT.,ISHARES S&P/TSX CAP IT ETF,7.3000
142831,2004-10-31,XIT.,ISHARES S&P/TSX CAP IT ETF,7.7100
142831,2004-11-30,XIT.,ISHARES S&P/TSX CAP IT ETF,7.7500
142831,2004-12-31,XIT.,ISHARES S&P/TSX CAP IT ETF,7.8500
142831,2005-01-31,XIT.,ISHARES S&P/TSX CAP IT ETF,7.4000
142831,2005-02-28,XIT.,ISHARES S&P/TSX CAP IT ETF,6.9900
142831,2005-03-31,XIT.,ISHARES S&P/TSX CAP IT ETF,7.1100
142831,2005-04-30,XIT.,ISHARES S&P/TSX CAP IT ETF,6.6100
142831,2005-05-31,XIT.,ISHARES S&P/TSX CAP IT ETF,7.2100
142831,2005-06-30,XIT.,ISHARES S&P/TSX CAP IT ETF,6.6900
142831,2005-07-31,XIT.,ISHARES S&P/TSX CAP IT ETF,6.7000
142831,2005-08-31,XIT.,ISHARES S&P/TSX CAP IT ETF,6.8800
142831,2005-09-30,XIT.,ISHARES S&P/TSX CAP IT ETF,6.8100
142831,2005-10-31,XIT.,ISHARES S&P/TSX CAP IT ETF,6.6400
142831,2005-11-30,XIT.,ISHARES S&P/TSX CAP IT ETF,6.4800
142831,2005-12-31,XIT.,ISHARES S&P/TSX CAP IT ETF,6.7300
142831,2006-01-31,XIT.,ISHARES S&P/TSX CAP IT ETF,6.7600
142831,2006-02-28,XIT.,ISHARES S&P/TSX CAP IT ETF,6.6700
142831,2006-03-31,XIT.,ISHARES S&P/TSX CAP IT ETF,7.4300
142831,2006-04-30,XIT.,ISHARES S&P/TSX CAP IT ETF,6.7400
142831,2006-05-31,XIT.,ISHARES S&P/TSX CAP IT ETF,6.0100
142831,2006-06-30,XIT.,ISHARES S&P/TSX CAP IT ETF,5.9400
142831,2006-07-31,XIT.,ISHARES S&P/TSX CAP IT ETF,5.9600
142831,2006-08-31,XIT.,ISHARES S&P/TSX CAP IT ETF,6.4500
142831,2006-09-30,XIT.,ISHARES S&P/TSX CAP IT ETF,7.1500
142831,2006-10-31,XIT.,ISHARES S&P/TSX CAP IT ETF,7.2700
142831,2006-11-30,XIT.,ISHARES S&P/TSX CAP IT ETF,7.8100
142831,2006-12-31,XIT.,ISHARES S&P/TSX CAP IT ETF,8.3400
142831,2007-01-31,XIT.,ISHARES S&P/TSX CAP IT ETF,8.3800
142831,2007-02-28,XIT.,ISHARES S&P/TSX CAP IT ETF,8.7300
142831,2007-03-31,XIT.,ISHARES S&P/TSX CAP IT ETF,8.1700
142831,2007-04-30,XIT.,ISHARES S&P/TSX CAP IT ETF,7.9900
142831,2007-05-31,XIT.,ISHARES S&P/TSX CAP IT ETF,8.4200
142831,2007-06-30,XIT.,ISHARES S&P/TSX CAP IT ETF,8.6600
142831,2007-07-31,XIT.,ISHARES S&P/TSX CAP IT ETF,8.5600
142831,2007-08-31,XIT.,ISHARES S&P/TSX CAP IT ETF,8.6900
142831,2007-09-30,XIT.,ISHARES S&P/TSX CAP IT ETF,8.5700
142831,2007-10-31,XIT.,ISHARES S&P/TSX CAP IT ETF,8.9800
142831,2007-11-30,XIT.,ISHARES S&P/TSX CAP IT ETF,9.5000
142831,2007-12-31,XIT.,ISHARES S&P/TSX CAP IT ETF,9.2100
142831,2008-01-31,XIT.,ISHARES S&P/TSX CAP IT ETF,8.3200
142831,2008-02-29,XIT.,ISHARES S&P/TSX CAP IT ETF,7.8900
142831,2008-03-31,XIT.,ISHARES S&P/TSX CAP IT ETF,7.8900
142831,2008-04-30,XIT.,ISHARES S&P/TSX CAP IT ETF,8.7200
142831,2008-05-31,XIT.,ISHARES S&P/TSX CAP IT ETF,8.7300
142831,2008-06-30,XIT.,ISHARES S&P/TSX CAP IT ETF,8.1800
142831,2008-07-31,XIT.,ISHARES S&P/TSX CAP IT ETF,8.0600
142831,2008-08-31,XIT.,ISHARES S&P/TSX CAP IT ETF,8.1300
142831,2008-09-30,XIT.,ISHARES S&P/TSX CAP IT ETF,5.8000
142831,2008-10-31,XIT.,ISHARES S&P/TSX CAP IT ETF,5.0700
142831,2008-11-30,XIT.,ISHARES S&P/TSX CAP IT ETF,4.8400
142831,2008-12-31,XIT.,ISHARES S&P/TSX CAP IT ETF,4.6300
142831,2009-01-31,XIT.,ISHARES S&P/TSX CAP IT ETF,5.2100
142831,2009-02-28,XIT.,ISHARES S&P/TSX CAP IT ETF,4.5400
142831,2009-03-31,XIT.,ISHARES S&P/TSX CAP IT ETF,4.9800
142831,2009-04-30,XIT.,ISHARES S&P/TSX CAP IT ETF,6.1000
142831,2009-05-31,XIT.,ISHARES S&P/TSX CAP IT ETF,5.9900
142831,2009-06-30,XIT.,ISHARES S&P/TSX CAP IT ETF,6.1300
142831,2009-07-31,XIT.,ISHARES S&P/TSX CAP IT ETF,6.3800
142831,2009-08-31,XIT.,ISHARES S&P/TSX CAP IT ETF,6.3900
142831,2009-09-30,XIT.,ISHARES S&P/TSX CAP IT ETF,6.5800
142831,2009-10-31,XIT.,ISHARES S&P/TSX CAP IT ETF,6.4900
142831,2009-11-30,XIT.,ISHARES S&P/TSX CAP IT ETF,6.4700
142831,2009-12-31,XIT.,ISHARES S&P/TSX CAP IT ETF,7.1200
142831,2010-01-31,XIT.,ISHARES S&P/TSX CAP IT ETF,6.9700
142831,2010-02-28,XIT.,ISHARES S&P/TSX CAP IT ETF,7.5800
142831,2010-03-31,XIT.,ISHARES S&P/TSX CAP IT ETF,7.5400
142831,2010-04-30,XIT.,ISHARES S&P/TSX CAP IT ETF,7.2100
142831,2010-05-31,XIT.,ISHARES S&P/TSX CAP IT ETF,7.2300
142831,2010-06-30,XIT.,ISHARES S&P/TSX CAP IT ETF,6.6300
142831,2010-07-31,XIT.,ISHARES S&P/TSX CAP IT ETF,6.8400
142831,2010-08-31,XIT.,ISHARES S&P/TSX CAP IT ETF,6.5200
142831,2010-09-30,XIT.,ISHARES S&P/TSX CAP IT ETF,6.8200
142831,2010-10-31,XIT.,ISHARES S&P/TSX CAP IT ETF,7.1100
142831,2010-11-30,XIT.,ISHARES S&P/TSX CAP IT ETF,7.3200
142831,2010-12-31,XIT.,ISHARES S&P/TSX CAP IT ETF,7.4400
142831,2011-01-31,XIT.,ISHARES S&P/TSX CAP IT ETF,7.7800
142831,2011-02-28,XIT.,ISHARES S&P/TSX CAP IT ETF,8.5000
142831,2011-03-31,XIT.,ISHARES S&P/TSX CAP IT ETF,8.2700
142831,2011-04-30,XIT.,ISHARES S&P/TSX CAP IT ETF,8.0200
142831,2011-05-31,XIT.,ISHARES S&P/TSX CAP IT ETF,8.1400
142831,2011-06-30,XIT.,ISHARES S&P/TSX CAP IT ETF,7.5900
142831,2011-07-31,XIT.,ISHARES S&P/TSX CAP IT ETF,7.1900
142831,2011-08-31,XIT.,ISHARES S&P/TSX CAP IT ETF,7.2100
142831,2011-09-30,XIT.,ISHARES S&P/TSX CAP IT ETF,6.3900
142831,2011-10-31,XIT.,ISHARES S&P/TSX CAP IT ETF,6.6400
142831,2011-11-30,XIT.,ISHARES S&P/TSX CAP IT ETF,6.2700
142831,2011-12-31,XIT.,ISHARES S&P/TSX CAP IT ETF,5.9000
142831,2012-01-31,XIT.,ISHARES S&P/TSX CAP IT ETF,6.1700
142831,2012-02-29,XIT.,ISHARES S&P/TSX CAP IT ETF,6.2900
142831,2012-03-31,XIT.,ISHARES S&P/TSX CAP IT ETF,6.4700
142831,2012-04-30,XIT.,ISHARES S&P/TSX CAP IT ETF,6.2200
142831,2012-05-31,XIT.,ISHARES S&P/TSX CAP IT ETF,5.6800
142831,2012-06-30,XIT.,ISHARES S&P/TSX CAP IT ETF,5.5000
142831,2012-07-31,XIT.,ISHARES S&P/TSX CAP IT ETF,5.2500
142831,2012-08-31,XIT.,ISHARES S&P/TSX CAP IT ETF,5.5700
142831,2012-09-30,XIT.,ISHARES S&P/TSX CAP IT ETF,5.6700
142831,2012-10-31,XIT.,ISHARES S&P/TSX CAP IT ETF,5.7800
142831,2012-11-30,XIT.,ISHARES S&P/TSX CAP IT ETF,6.2500
142831,2012-12-31,XIT.,ISHARES S&P/TSX CAP IT ETF,6.2400
142831,2013-01-31,XIT.,ISHARES S&P/TSX CAP IT ETF,6.8500
142831,2013-02-28,XIT.,ISHARES S&P/TSX CAP IT ETF,7.0500
142831,2013-03-31,XIT.,ISHARES S&P/TSX CAP IT ETF,7.2600
142831,2013-04-30,XIT.,ISHARES S&P/TSX CAP IT ETF,8.0200
142831,2013-05-31,XIT.,ISHARES S&P/TSX CAP IT ETF,7.9500
142831,2013-06-30,XIT.,ISHARES S&P/TSX CAP IT ETF,7.4700
142831,2013-07-31,XIT.,ISHARES S&P/TSX CAP IT ETF,7.6900
142831,2013-08-31,XIT.,ISHARES S&P/TSX CAP IT ETF,8.0200
142831,2013-09-30,XIT.,ISHARES S&P/TSX CAP IT ETF,7.9300
142831,2013-10-31,XIT.,ISHARES S&P/TSX CAP IT ETF,7.8600
142831,2013-11-30,XIT.,ISHARES S&P/TSX CAP IT ETF,8.1500
142831,2013-12-31,XIT.,ISHARES S&P/TSX CAP IT ETF,8.5200
142831,2014-01-31,XIT.,ISHARES S&P/TSX CAP IT ETF,9.1800
142831,2014-02-28,XIT.,ISHARES S&P/TSX CAP IT ETF,9.4900
142831,2014-03-31,XIT.,ISHARES S&P/TSX CAP IT ETF,9.0600
142831,2014-04-30,XIT.,ISHARES S&P/TSX CAP IT ETF,9.2800
142831,2014-05-31,XIT.,ISHARES S&P/TSX CAP IT ETF,8.9500
142831,2014-06-30,XIT.,ISHARES S&P/TSX CAP IT ETF,9.6200
142831,2014-07-31,XIT.,ISHARES S&P/TSX CAP IT ETF,9.8400
142831,2014-08-31,XIT.,ISHARES S&P/TSX CAP IT ETF,9.9800
142831,2014-09-30,XIT.,ISHARES S&P/TSX CAP IT ETF,9.9700
142831,2014-10-31,XIT.,ISHARES S&P/TSX CAP IT ETF,10.4200
142831,2014-11-30,XIT.,ISHARES S&P/TSX CAP IT ETF,11.0300
142831,2014-12-31,XIT.,ISHARES S&P/TSX CAP IT ETF,11.5500
142831,2015-01-31,XIT.,ISHARES S&P/TSX CAP IT ETF,12.0800
142831,2015-02-28,XIT.,ISHARES S&P/TSX CAP IT ETF,12.9300
142831,2015-03-31,XIT.,ISHARES S&P/TSX CAP IT ETF,12.5000
142831,2015-04-30,XIT.,ISHARES S&P/TSX CAP IT ETF,12.5400
142831,2015-05-31,XIT.,ISHARES S&P/TSX CAP IT ETF,12.5100
142831,2015-06-30,XIT.,ISHARES S&P/TSX CAP IT ETF,11.7600
142831,2015-07-31,XIT.,ISHARES S&P/TSX CAP IT ETF,12.6500
142831,2015-08-31,XIT.,ISHARES S&P/TSX CAP IT ETF,12.3200
142831,2015-09-30,XIT.,ISHARES S&P/TSX CAP IT ETF,11.9300
142831,2015-10-31,XIT.,ISHARES S&P/TSX CAP IT ETF,12.2000
142831,2015-11-30,XIT.,ISHARES S&P/TSX CAP IT ETF,13.0000
142831,2015-12-31,XIT.,ISHARES S&P/TSX CAP IT ETF,13.1800
142831,2016-01-31,XIT.,ISHARES S&P/TSX CAP IT ETF,12.5500
142831,2016-02-29,XIT.,ISHARES S&P/TSX CAP IT ETF,12.7500
142831,2016-03-31,XIT.,ISHARES S&P/TSX CAP IT ETF,13.0900
142831,2016-04-30,XIT.,ISHARES S&P/TSX CAP IT ETF,12.2000
142831,2016-05-31,XIT.,ISHARES S&P/TSX CAP IT ETF,13.2600
142831,2016-06-30,XIT.,ISHARES S&P/TSX CAP IT ETF,12.3600
142831,2016-07-31,XIT.,ISHARES S&P/TSX CAP IT ETF,13.3800
142831,2016-08-31,XIT.,ISHARES S&P/TSX CAP IT ETF,13.6000
142831,2016-09-30,XIT.,ISHARES S&P/TSX CAP IT ETF,13.7700
142831,2016-10-31,XIT.,ISHARES S&P/TSX CAP IT ETF,13.5200
142831,2016-11-30,XIT.,ISHARES S&P/TSX CAP IT ETF,13.8200
142831,2016-12-31,XIT.,ISHARES S&P/TSX CAP IT ETF,13.6600
142831,2017-01-31,XIT.,ISHARES S&P/TSX CAP IT ETF,13.7300
142831,2017-02-28,XIT.,ISHARES S&P/TSX CAP IT ETF,13.9600
142831,2017-03-31,XIT.,ISHARES S&P/TSX CAP IT ETF,14.6500
142831,2017-04-30,XIT.,ISHARES S&P/TSX CAP IT ETF,15.2000
142831,2017-05-31,XIT.,ISHARES S&P/TSX CAP IT ETF,15.6100
142831,2017-06-30,XIT.,ISHARES S&P/TSX CAP IT ETF,14.9700
142831,2017-07-31,XIT.,ISHARES S&P/TSX CAP IT ETF,14.7900
142831,2017-08-31,XIT.,ISHARES S&P/TSX CAP IT ETF,15.0400
142831,2017-09-30,XIT.,ISHARES S&P/TSX CAP IT ETF,15.4700
142831,2017-10-31,XIT.,ISHARES S&P/TSX CAP IT ETF,15.9200
142831,2017-11-30,XIT.,ISHARES S&P/TSX CAP IT ETF,15.9100
142831,2017-12-31,XIT.,ISHARES S&P/TSX CAP IT ETF,15.9700
142831,2018-01-31,XIT.,ISHARES S&P/TSX CAP IT ETF,16.8100
142831,2018-02-28,XIT.,ISHARES S&P/TSX CAP IT ETF,17.8000
142831,2018-03-31,XIT.,ISHARES S&P/TSX CAP IT ETF,17.5400
142831,2018-04-30,XIT.,ISHARES S&P/TSX CAP IT ETF,17.9300
142831,2018-05-31,XIT.,ISHARES S&P/TSX CAP IT ETF,19.2400
142831,2018-06-30,XIT.,ISHARES S&P/TSX CAP IT ETF,19.3600
142831,2018-07-31,XIT.,ISHARES S&P/TSX CAP IT ETF,18.9100
142831,2018-08-31,XIT.,ISHARES S&P/TSX CAP IT ETF,19.9000
142831,2018-09-30,XIT.,ISHARES S&P/TSX CAP IT ETF,19.8800
142831,2018-10-31,XIT.,ISHARES S&P/TSX CAP IT ETF,18.2700
142831,2018-11-30,XIT.,ISHARES S&P/TSX CAP IT ETF,18.8400
142831,2018-12-31,XIT.,ISHARES S&P/TSX CAP IT ETF,17.8400
142831,2019-01-31,XIT.,ISHARES S&P/TSX CAP IT ETF,19.6000
142831,2019-02-28,XIT.,ISHARES S&P/TSX CAP IT ETF,21.2800
142831,2019-03-31,XIT.,ISHARES S&P/TSX CAP IT ETF,22.4400
142831,2019-04-30,XIT.,ISHARES S&P/TSX CAP IT ETF,23.8500
142831,2019-05-31,XIT.,ISHARES S&P/TSX CAP IT ETF,24.8100
142831,2019-06-30,XIT.,ISHARES S&P/TSX CAP IT ETF,25.5100
142831,2019-07-31,XIT.,ISHARES S&P/TSX CAP IT ETF,26.3400
142831,2019-08-31,XIT.,ISHARES S&P/TSX CAP IT ETF,27.8000
142831,2019-09-30,XIT.,ISHARES S&P/TSX CAP IT ETF,26.4400
142831,2019-10-31,XIT.,ISHARES S&P/TSX CAP IT ETF,26.0000
142831,2019-11-30,XIT.,ISHARES S&P/TSX CAP IT ETF,28.3500
142831,2019-12-31,XIT.,ISHARES S&P/TSX CAP IT ETF,28.5900
142831,2020-01-31,XIT.,ISHARES S&P/TSX CAP IT ETF,30.5500
142831,2020-02-29,XIT.,ISHARES S&P/TSX CAP IT ETF,29.3000
142831,2020-03-31,XIT.,ISHARES S&P/TSX CAP IT ETF,26.2600
142831,2020-04-30,XIT.,ISHARES S&P/TSX CAP IT ETF,32.5300
142831,2020-05-31,XIT.,ISHARES S&P/TSX CAP IT ETF,36.9400
142831,2020-06-30,XIT.,ISHARES S&P/TSX CAP IT ETF,39.2300
142831,2020-07-31,XIT.,ISHARES S&P/TSX CAP IT ETF,41.7000
142831,2020-08-31,XIT.,ISHARES S&P/TSX CAP IT ETF,41.1300
142831,2020-09-30,XIT.,ISHARES S&P/TSX CAP IT ETF,40.0500
142831,2020-10-31,XIT.,ISHARES S&P/TSX CAP IT ETF,37.1200
142831,2020-11-30,XIT.,ISHARES S&P/TSX CAP IT ETF,42.6800
142831,2020-12-31,XIT.,ISHARES S&P/TSX CAP IT ETF,44.0500
142831,2021-01-31,XIT.,ISHARES S&P/TSX CAP IT ETF,45.2700
142831,2021-02-28,XIT.,ISHARES S&P/TSX CAP IT ETF,46.1300
142831,2021-03-31,XIT.,ISHARES S&P/TSX CAP IT ETF,45.1400
142831,2021-04-30,XIT.,ISHARES S&P/TSX CAP IT ETF,46.3100
142831,2021-05-31,XIT.,ISHARES S&P/TSX CAP IT ETF,45.7000
142831,2021-06-30,XIT.,ISHARES S&P/TSX CAP IT ETF,52.1500
142831,2021-07-31,XIT.,ISHARES S&P/TSX CAP IT ETF,53.6000
142831,2021-08-31,XIT.,ISHARES S&P/TSX CAP IT ETF,58.3100
142831,2021-09-30,XIT.,ISHARES S&P/TSX CAP IT ETF,53.7100
142831,2021-10-31,XIT.,ISHARES S&P/TSX CAP IT ETF,55.7400
142831,2021-11-30,XIT.,ISHARES S&P/TSX CAP IT ETF,53.6000
142831,2021-12-31,XIT.,ISHARES S&P/TSX CAP IT ETF,51.7700
142831,2022-01-31,XIT.,ISHARES S&P/TSX CAP IT ETF,45.5400
142831,2022-02-28,XIT.,ISHARES S&P/TSX CAP IT ETF,41.1200
142831,2022-03-31,XIT.,ISHARES S&P/TSX CAP IT ETF,41.0600
142831,2022-04-30,XIT.,ISHARES S&P/TSX CAP IT ETF,34.7100
142831,2022-05-31,XIT.,ISHARES S&P/TSX CAP IT ETF,33.8200
142831,2022-06-30,XIT.,ISHARES S&P/TSX CAP IT ETF,31.0300
142831,2022-07-31,XIT.,ISHARES S&P/TSX CAP IT ETF,34.1300
142831,2022-08-31,XIT.,ISHARES S&P/TSX CAP IT ETF,31.6800
142831,2022-09-30,XIT.,ISHARES S&P/TSX CAP IT ETF,29.9000
142831,2022-10-31,XIT.,ISHARES S&P/TSX CAP IT ETF,32.5400
142831,2022-11-30,XIT.,ISHARES S&P/TSX CAP IT ETF,34.9800
142831,2022-12-31,XIT.,ISHARES S&P/TSX CAP IT ETF,33.2100
142831,2023-01-31,XIT.,ISHARES S&P/TSX CAP IT ETF,38.4000
142831,2023-02-28,XIT.,ISHARES S&P/TSX CAP IT ETF,37.2900
142831,2023-03-31,XIT.,ISHARES S&P/TSX CAP IT ETF,40.9800
142831,2023-04-30,XIT.,ISHARES S&P/TSX CAP IT ETF,41.3500
142831,2023-05-31,XIT.,ISHARES S&P/TSX CAP IT ETF,45.0800
142831,2023-06-30,XIT.,ISHARES S&P/TSX CAP IT ETF,46.5000
142831,2023-07-31,XIT.,ISHARES S&P/TSX CAP IT ETF,46.8500
142831,2023-08-31,XIT.,ISHARES S&P/TSX CAP IT ETF,47.1900
142831,2023-09-30,XIT.,ISHARES S&P/TSX CAP IT ETF,43.5500
142831,2023-10-31,XIT.,ISHARES S&P/TSX CAP IT ETF,41.6800
142831,2023-11-30,XIT.,ISHARES S&P/TSX CAP IT ETF,49.7700
142831,2023-12-31,XIT.,ISHARES S&P/TSX CAP IT ETF,51.6600
142831,2024-01-31,XIT.,ISHARES S&P/TSX CAP IT ETF,54.9200
142831,2024-02-29,XIT.,ISHARES S&P/TSX CAP IT ETF,54.6000
142831,2024-03-31,XIT.,ISHARES S&P/TSX CAP IT ETF,54.3900
142831,2024-04-30,XIT.,ISHARES S&P/TSX CAP IT ETF,51.4400
142831,2024-05-31,XIT.,ISHARES S&P/TSX CAP IT ETF,49.6100
142831,2024-06-30,XIT.,ISHARES S&P/TSX CAP IT ETF,52.0000
142831,2024-07-31,XIT.,ISHARES S&P/TSX CAP IT ETF,54.5700
142831,2024-08-31,XIT.,ISHARES S&P/TSX CAP IT ETF,55.8200
142831,2024-09-30,XIT.,ISHARES S&P/TSX CAP IT ETF,58.0700
142831,2024-10-31,XIT.,ISHARES S&P/TSX CAP IT ETF,58.0000
142831,2024-11-30,XIT.,ISHARES S&P/TSX CAP IT ETF,70.3100
142831,2024-12-31,XIT.,ISHARES S&P/TSX CAP IT ETF,68.2600
142831,2025-01-31,XIT.,ISHARES S&P/TSX CAP IT ETF,74.8150
142831,2025-02-28,XIT.,ISHARES S&P/TSX CAP IT ETF,70.8800
142831,2025-03-31,XIT.,ISHARES S&P/TSX CAP IT ETF,62.7400
142831,2025-04-30,XIT.,ISHARES S&P/TSX CAP IT ETF,64.0800
142831,2025-05-31,XIT.,ISHARES S&P/TSX CAP IT ETF,68.9900
142831,2025-06-30,XIT.,ISHARES S&P/TSX CAP IT ETF,72.1800
142831,2025-07-31,XIT.,ISHARES S&P/TSX CAP IT ETF,75.2500
142831,2025-08-31,XIT.,ISHARES S&P/TSX CAP IT ETF,76.9800
142831,2025-09-30,XIT.,ISHARES S&P/TSX CAP IT ETF,78.3800
142831,2025-10-31,XIT.,ISHARES S&P/TSX CAP IT ETF,87.7600
142831,2025-11-30,XIT.,ISHARES S&P/TSX CAP IT ETF,82.9500
142831,2025-12-31,XIT.,ISHARES S&P/TSX CAP IT ETF,78.8300
142831,2026-01-31,XIT.,ISHARES S&P/TSX CAP IT ETF,66.3700
142831,2026-02-28,XIT.,ISHARES S&P/TSX CAP IT ETF,63.2500
142831,2026-03-31,XIT.,ISHARES S&P/TSX CAP IT ETF,63.3600
142831,2026-04-30,XIT.,ISHARES S&P/TSX CAP IT ETF,69.7300
142831,2026-05-31,XIT.,ISHARES S&P/TSX CAP IT ETF,73.3300
142831,2026-06-30,XIT.,ISHARES S&P/TSX CAP IT ETF,72.6000
142831,2026-07-31,XIT.,ISHARES S&P/TSX CAP IT ETF,73.3100
142831,2026-08-31,XIT.,ISHARES S&P/TSX CAP IT ETF,77.2200
165241,2004-01-31,VGT,VANGUARD INFORMTION TECH ETF,49.0800
165241,2004-02-29,VGT,VANGUARD INFORMTION TECH ETF,47.2500
165241,2004-03-31,VGT,VANGUARD INFORMTION TECH ETF,46.0300
165241,2004-04-30,VGT,VANGUARD INFORMTION TECH ETF,43.5300
165241,2004-05-31,VGT,VANGUARD INFORMTION TECH ETF,45.6700
165241,2004-06-30,VGT,VANGUARD INFORMTION TECH ETF,46.5900
165241,2004-07-31,VGT,VANGUARD INFORMTION TECH ETF,42.6400
165241,2004-08-31,VGT,VANGUARD INFORMTION TECH ETF,40.6800
165241,2004-09-30,VGT,VANGUARD INFORMTION TECH ETF,41.7200
165241,2004-10-31,VGT,VANGUARD INFORMTION TECH ETF,43.9500
165241,2004-11-30,VGT,VANGUARD INFORMTION TECH ETF,46.4400
165241,2004-12-31,VGT,VANGUARD INFORMTION TECH ETF,47.0600
165241,2005-01-31,VGT,VANGUARD INFORMTION TECH ETF,44.2400
165241,2005-02-28,VGT,VANGUARD INFORMTION TECH ETF,44.4900
165241,2005-03-31,VGT,VANGUARD INFORMTION TECH ETF,43.4500
165241,2005-04-30,VGT,VANGUARD INFORMTION TECH ETF,41.5000
165241,2005-05-31,VGT,VANGUARD INFORMTION TECH ETF,45.1000
165241,2005-06-30,VGT,VANGUARD INFORMTION TECH ETF,44.4000
165241,2005-07-31,VGT,VANGUARD INFORMTION TECH ETF,47.0400
165241,2005-08-31,VGT,VANGUARD INFORMTION TECH ETF,46.7600
165241,2005-09-30,VGT,VANGUARD INFORMTION TECH ETF,47.0900
165241,2005-10-31,VGT,VANGUARD INFORMTION TECH ETF,46.1300
165241,2005-11-30,VGT,VANGUARD INFORMTION TECH ETF,49.3800
165241,2005-12-31,VGT,VANGUARD INFORMTION TECH ETF,48.3800
165241,2006-01-31,VGT,VANGUARD INFORMTION TECH ETF,50.3300
165241,2006-02-28,VGT,VANGUARD INFORMTION TECH ETF,49.7700
165241,2006-03-31,VGT,VANGUARD INFORMTION TECH ETF,50.9400
165241,2006-04-30,VGT,VANGUARD INFORMTION TECH ETF,50.5100
165241,2006-05-31,VGT,VANGUARD INFORMTION TECH ETF,46.7500
165241,2006-06-30,VGT,VANGUARD INFORMTION TECH ETF,46.2300
165241,2006-07-31,VGT,VANGUARD INFORMTION TECH ETF,44.3300
165241,2006-08-31,VGT,VANGUARD INFORMTION TECH ETF,47.6900
165241,2006-09-30,VGT,VANGUARD INFORMTION TECH ETF,49.4500
165241,2006-10-31,VGT,VANGUARD INFORMTION TECH ETF,51.4200
165241,2006-11-30,VGT,VANGUARD INFORMTION TECH ETF,53.2100
165241,2006-12-31,VGT,VANGUARD INFORMTION TECH ETF,52.5300
165241,2007-01-31,VGT,VANGUARD INFORMTION TECH ETF,53.3400
165241,2007-02-28,VGT,VANGUARD INFORMTION TECH ETF,52.1600
165241,2007-03-31,VGT,VANGUARD INFORMTION TECH ETF,52.3800
165241,2007-04-30,VGT,VANGUARD INFORMTION TECH ETF,55.0000
165241,2007-05-31,VGT,VANGUARD INFORMTION TECH ETF,57.2900
165241,2007-06-30,VGT,VANGUARD INFORMTION TECH ETF,57.6200
165241,2007-07-31,VGT,VANGUARD INFORMTION TECH ETF,56.8700
165241,2007-08-31,VGT,VANGUARD INFORMTION TECH ETF,58.5100
165241,2007-09-30,VGT,VANGUARD INFORMTION TECH ETF,60.6000
165241,2007-10-31,VGT,VANGUARD INFORMTION TECH ETF,64.7032
165241,2007-11-30,VGT,VANGUARD INFORMTION TECH ETF,59.5400
165241,2007-12-31,VGT,VANGUARD INFORMTION TECH ETF,60.1200
165241,2008-01-31,VGT,VANGUARD INFORMTION TECH ETF,52.1900
165241,2008-02-29,VGT,VANGUARD INFORMTION TECH ETF,50.6540
165241,2008-03-31,VGT,VANGUARD INFORMTION TECH ETF,50.8400
165241,2008-04-30,VGT,VANGUARD INFORMTION TECH ETF,54.4900
165241,2008-05-31,VGT,VANGUARD INFORMTION TECH ETF,57.9600
165241,2008-06-30,VGT,VANGUARD INFORMTION TECH ETF,52.7560
165241,2008-07-31,VGT,VANGUARD INFORMTION TECH ETF,52.0700
165241,2008-08-31,VGT,VANGUARD INFORMTION TECH ETF,53.4400
165241,2008-09-30,VGT,VANGUARD INFORMTION TECH ETF,46.4000
165241,2008-10-31,VGT,VANGUARD INFORMTION TECH ETF,38.0700
165241,2008-11-30,VGT,VANGUARD INFORMTION TECH ETF,33.6400
165241,2008-12-31,VGT,VANGUARD INFORMTION TECH ETF,34.0500
165241,2009-01-31,VGT,VANGUARD INFORMTION TECH ETF,32.9000
165241,2009-02-28,VGT,VANGUARD INFORMTION TECH ETF,31.5652
165241,2009-03-31,VGT,VANGUARD INFORMTION TECH ETF,35.2300
165241,2009-04-30,VGT,VANGUARD INFORMTION TECH ETF,39.7900
165241,2009-05-31,VGT,VANGUARD INFORMTION TECH ETF,40.8200
165241,2009-06-30,VGT,VANGUARD INFORMTION TECH ETF,42.5800
165241,2009-07-31,VGT,VANGUARD INFORMTION TECH ETF,46.5200
165241,2009-08-31,VGT,VANGUARD INFORMTION TECH ETF,47.6900
165241,2009-09-30,VGT,VANGUARD INFORMTION TECH ETF,49.9000
165241,2009-10-31,VGT,VANGUARD INFORMTION TECH ETF,49.3100
165241,2009-11-30,VGT,VANGUARD INFORMTION TECH ETF,51.8900
165241,2009-12-31,VGT,VANGUARD INFORMTION TECH ETF,54.8700
165241,2010-01-31,VGT,VANGUARD INFORMTION TECH ETF,50.3800
165241,2010-02-28,VGT,VANGUARD INFORMTION TECH ETF,52.6500
165241,2010-03-31,VGT,VANGUARD INFORMTION TECH ETF,56.1800
165241,2010-04-30,VGT,VANGUARD INFORMTION TECH ETF,57.4200
165241,2010-05-31,VGT,VANGUARD INFORMTION TECH ETF,52.8300
165241,2010-06-30,VGT,VANGUARD INFORMTION TECH ETF,49.4600
165241,2010-07-31,VGT,VANGUARD INFORMTION TECH ETF,53.0200
165241,2010-08-31,VGT,VANGUARD INFORMTION TECH ETF,49.3520
165241,2010-09-30,VGT,VANGUARD INFORMTION TECH ETF,55.6000
165241,2010-10-31,VGT,VANGUARD INFORMTION TECH ETF,59.1600
165241,2010-11-30,VGT,VANGUARD INFORMTION TECH ETF,58.6000
165241,2010-12-31,VGT,VANGUARD INFORMTION TECH ETF,61.5199
165241,2011-01-31,VGT,VANGUARD INFORMTION TECH ETF,63.9400
165241,2011-02-28,VGT,VANGUARD INFORMTION TECH ETF,65.5000
165241,2011-03-31,VGT,VANGUARD INFORMTION TECH ETF,64.2300
165241,2011-04-30,VGT,VANGUARD INFORMTION TECH ETF,66.1900
165241,2011-05-31,VGT,VANGUARD INFORMTION TECH ETF,64.9900
165241,2011-06-30,VGT,VANGUARD INFORMTION TECH ETF,63.3500
165241,2011-07-31,VGT,VANGUARD INFORMTION TECH ETF,63.2600
165241,2011-08-31,VGT,VANGUARD INFORMTION TECH ETF,59.2000
165241,2011-09-30,VGT,VANGUARD INFORMTION TECH ETF,56.7600
165241,2011-10-31,VGT,VANGUARD INFORMTION TECH ETF,63.7300
165241,2011-11-30,VGT,VANGUARD INFORMTION TECH ETF,62.4600
165241,2011-12-31,VGT,VANGUARD INFORMTION TECH ETF,61.3700
165241,2012-01-31,VGT,VANGUARD INFORMTION TECH ETF,66.2300
165241,2012-02-29,VGT,VANGUARD INFORMTION TECH ETF,70.8500
165241,2012-03-31,VGT,VANGUARD INFORMTION TECH ETF,74.1800
165241,2012-04-30,VGT,VANGUARD INFORMTION TECH ETF,72.7000
165241,2012-05-31,VGT,VANGUARD INFORMTION TECH ETF,66.7500
165241,2012-06-30,VGT,VANGUARD INFORMTION TECH ETF,68.7300
165241,2012-07-31,VGT,VANGUARD INFORMTION TECH ETF,69.0900
165241,2012-08-31,VGT,VANGUARD INFORMTION TECH ETF,72.6300
165241,2012-09-30,VGT,VANGUARD INFORMTION TECH ETF,73.4000
165241,2012-10-31,VGT,VANGUARD INFORMTION TECH ETF,68.6300
165241,2012-11-30,VGT,VANGUARD INFORMTION TECH ETF,69.7200
165241,2012-12-31,VGT,VANGUARD INFORMTION TECH ETF,69.1100
165241,2013-01-31,VGT,VANGUARD INFORMTION TECH ETF,70.6400
165241,2013-02-28,VGT,VANGUARD INFORMTION TECH ETF,71.0100
165241,2013-03-31,VGT,VANGUARD INFORMTION TECH ETF,72.9000
165241,2013-04-30,VGT,VANGUARD INFORMTION TECH ETF,73.2900
165241,2013-05-31,VGT,VANGUARD INFORMTION TECH ETF,76.4000
165241,2013-06-30,VGT,VANGUARD INFORMTION TECH ETF,73.9800
165241,2013-07-31,VGT,VANGUARD INFORMTION TECH ETF,78.0100
165241,2013-08-31,VGT,VANGUARD INFORMTION TECH ETF,77.6700
165241,2013-09-30,VGT,VANGUARD INFORMTION TECH ETF,80.7000
165241,2013-10-31,VGT,VANGUARD INFORMTION TECH ETF,83.6500
165241,2013-11-30,VGT,VANGUARD INFORMTION TECH ETF,86.6300
165241,2013-12-31,VGT,VANGUARD INFORMTION TECH ETF,89.5400
165241,2014-01-31,VGT,VANGUARD INFORMTION TECH ETF,87.4400
165241,2014-02-28,VGT,VANGUARD INFORMTION TECH ETF,91.6900
165241,2014-03-31,VGT,VANGUARD INFORMTION TECH ETF,91.5300
165241,2014-04-30,VGT,VANGUARD INFORMTION TECH ETF,90.7300
165241,2014-05-31,VGT,VANGUARD INFORMTION TECH ETF,93.8500
165241,2014-06-30,VGT,VANGUARD INFORMTION TECH ETF,96.7900
165241,2014-07-31,VGT,VANGUARD INFORMTION TECH ETF,97.2900
165241,2014-08-31,VGT,VANGUARD INFORMTION TECH ETF,101.4300
165241,2014-09-30,VGT,VANGUARD INFORMTION TECH ETF,100.0800
165241,2014-10-31,VGT,VANGUARD INFORMTION TECH ETF,101.9900
165241,2014-11-30,VGT,VANGUARD INFORMTION TECH ETF,107.0800
165241,2014-12-31,VGT,VANGUARD INFORMTION TECH ETF,104.4800
165241,2015-01-31,VGT,VANGUARD INFORMTION TECH ETF,100.8100
165241,2015-02-28,VGT,VANGUARD INFORMTION TECH ETF,109.2100
165241,2015-03-31,VGT,VANGUARD INFORMTION TECH ETF,106.5200
165241,2015-04-30,VGT,VANGUARD INFORMTION TECH ETF,107.8900
165241,2015-05-31,VGT,VANGUARD INFORMTION TECH ETF,110.5800
165241,2015-06-30,VGT,VANGUARD INFORMTION TECH ETF,106.2300
165241,2015-07-31,VGT,VANGUARD INFORMTION TECH ETF,108.6400
165241,2015-08-31,VGT,VANGUARD INFORMTION TECH ETF,102.3400
165241,2015-09-30,VGT,VANGUARD INFORMTION TECH ETF,100.0000
165241,2015-10-31,VGT,VANGUARD INFORMTION TECH ETF,110.4600
165241,2015-11-30,VGT,VANGUARD INFORMTION TECH ETF,111.7700
165241,2015-12-31,VGT,VANGUARD INFORMTION TECH ETF,108.2900
165241,2016-01-31,VGT,VANGUARD INFORMTION TECH ETF,101.9300
165241,2016-02-29,VGT,VANGUARD INFORMTION TECH ETF,100.9400
165241,2016-03-31,VGT,VANGUARD INFORMTION TECH ETF,109.5300
165241,2016-04-30,VGT,VANGUARD INFORMTION TECH ETF,104.4100
165241,2016-05-31,VGT,VANGUARD INFORMTION TECH ETF,109.9900
165241,2016-06-30,VGT,VANGUARD INFORMTION TECH ETF,107.0900
165241,2016-07-31,VGT,VANGUARD INFORMTION TECH ETF,115.2000
165241,2016-08-31,VGT,VANGUARD INFORMTION TECH ETF,117.8900
165241,2016-09-30,VGT,VANGUARD INFORMTION TECH ETF,120.3700
165241,2016-10-31,VGT,VANGUARD INFORMTION TECH ETF,119.7200
165241,2016-11-30,VGT,VANGUARD INFORMTION TECH ETF,120.3500
165241,2016-12-31,VGT,VANGUARD INFORMTION TECH ETF,121.5000
165241,2017-01-31,VGT,VANGUARD INFORMTION TECH ETF,126.7400
165241,2017-02-28,VGT,VANGUARD INFORMTION TECH ETF,133.0000
165241,2017-03-31,VGT,VANGUARD INFORMTION TECH ETF,135.6300
165241,2017-04-30,VGT,VANGUARD INFORMTION TECH ETF,138.8000
165241,2017-05-31,VGT,VANGUARD INFORMTION TECH ETF,144.9200
165241,2017-06-30,VGT,VANGUARD INFORMTION TECH ETF,140.8400
165241,2017-07-31,VGT,VANGUARD INFORMTION TECH ETF,146.6600
165241,2017-08-31,VGT,VANGUARD INFORMTION TECH ETF,151.2200
165241,2017-09-30,VGT,VANGUARD INFORMTION TECH ETF,151.9900
165241,2017-10-31,VGT,VANGUARD INFORMTION TECH ETF,163.2300
165241,2017-11-30,VGT,VANGUARD INFORMTION TECH ETF,165.0100
165241,2017-12-31,VGT,VANGUARD INFORMTION TECH ETF,164.7300
165241,2018-01-31,VGT,VANGUARD INFORMTION TECH ETF,177.1700
165241,2018-02-28,VGT,VANGUARD INFORMTION TECH ETF,177.3400
165241,2018-03-31,VGT,VANGUARD INFORMTION TECH ETF,171.0000
165241,2018-04-30,VGT,VANGUARD INFORMTION TECH ETF,170.9600
165241,2018-05-31,VGT,VANGUARD INFORMTION TECH ETF,183.0100
165241,2018-06-30,VGT,VANGUARD INFORMTION TECH ETF,181.4000
165241,2018-07-31,VGT,VANGUARD INFORMTION TECH ETF,186.1600
165241,2018-08-31,VGT,VANGUARD INFORMTION TECH ETF,202.8000
165241,2018-09-30,VGT,VANGUARD INFORMTION TECH ETF,202.5600
165241,2018-10-31,VGT,VANGUARD INFORMTION TECH ETF,185.3900
165241,2018-11-30,VGT,VANGUARD INFORMTION TECH ETF,182.6700
165241,2018-12-31,VGT,VANGUARD INFORMTION TECH ETF,166.8300
165241,2019-01-31,VGT,VANGUARD INFORMTION TECH ETF,180.1600
165241,2019-02-28,VGT,VANGUARD INFORMTION TECH ETF,193.3600
165241,2019-03-31,VGT,VANGUARD INFORMTION TECH ETF,200.6300
165241,2019-04-30,VGT,VANGUARD INFORMTION TECH ETF,213.4100
165241,2019-05-31,VGT,VANGUARD INFORMTION TECH ETF,194.4600
165241,2019-06-30,VGT,VANGUARD INFORMTION TECH ETF,210.8900
165241,2019-07-31,VGT,VANGUARD INFORMTION TECH ETF,218.3500
165241,2019-08-31,VGT,VANGUARD INFORMTION TECH ETF,213.5600
165241,2019-09-30,VGT,VANGUARD INFORMTION TECH ETF,215.5500
165241,2019-10-31,VGT,VANGUARD INFORMTION TECH ETF,223.6400
165241,2019-11-30,VGT,VANGUARD INFORMTION TECH ETF,236.1500
165241,2019-12-31,VGT,VANGUARD INFORMTION TECH ETF,244.8500
165241,2020-01-31,VGT,VANGUARD INFORMTION TECH ETF,254.1800
165241,2020-02-29,VGT,VANGUARD INFORMTION TECH ETF,235.6500
165241,2020-03-31,VGT,VANGUARD INFORMTION TECH ETF,211.9000
165241,2020-04-30,VGT,VANGUARD INFORMTION TECH ETF,242.0000
165241,2020-05-31,VGT,VANGUARD INFORMTION TECH ETF,261.0300
165241,2020-06-30,VGT,VANGUARD INFORMTION TECH ETF,278.7100
165241,2020-07-31,VGT,VANGUARD INFORMTION TECH ETF,295.2700
165241,2020-08-31,VGT,VANGUARD INFORMTION TECH ETF,328.1500
165241,2020-09-30,VGT,VANGUARD INFORMTION TECH ETF,311.4500
165241,2020-10-31,VGT,VANGUARD INFORMTION TECH ETF,297.9900
165241,2020-11-30,VGT,VANGUARD INFORMTION TECH ETF,335.3300
165241,2020-12-31,VGT,VANGUARD INFORMTION TECH ETF,353.7900
165241,2021-01-31,VGT,VANGUARD INFORMTION TECH ETF,351.3000
165241,2021-02-28,VGT,VANGUARD INFORMTION TECH ETF,356.5000
165241,2021-03-31,VGT,VANGUARD INFORMTION TECH ETF,358.4900
165241,2021-04-30,VGT,VANGUARD INFORMTION TECH ETF,376.9400
165241,2021-05-31,VGT,VANGUARD INFORMTION TECH ETF,372.2800
165241,2021-06-30,VGT,VANGUARD INFORMTION TECH ETF,398.7700
165241,2021-07-31,VGT,VANGUARD INFORMTION TECH ETF,412.2100
165241,2021-08-31,VGT,VANGUARD INFORMTION TECH ETF,426.6800
165241,2021-09-30,VGT,VANGUARD INFORMTION TECH ETF,401.2900
165241,2021-10-31,VGT,VANGUARD INFORMTION TECH ETF,434.1600
165241,2021-11-30,VGT,VANGUARD INFORMTION TECH ETF,447.6900
165241,2021-12-31,VGT,VANGUARD INFORMTION TECH ETF,458.1700
165241,2022-01-31,VGT,VANGUARD INFORMTION TECH ETF,422.2600
165241,2022-02-28,VGT,VANGUARD INFORMTION TECH ETF,403.9100
165241,2022-03-31,VGT,VANGUARD INFORMTION TECH ETF,416.4800
165241,2022-04-30,VGT,VANGUARD INFORMTION TECH ETF,367.2000
165241,2022-05-31,VGT,VANGUARD INFORMTION TECH ETF,361.1000
165241,2022-06-30,VGT,VANGUARD INFORMTION TECH ETF,326.5500
165241,2022-07-31,VGT,VANGUARD INFORMTION TECH ETF,370.2000
165241,2022-08-31,VGT,VANGUARD INFORMTION TECH ETF,349.2800
165241,2022-09-30,VGT,VANGUARD INFORMTION TECH ETF,307.3700
165241,2022-10-31,VGT,VANGUARD INFORMTION TECH ETF,330.2000
165241,2022-11-30,VGT,VANGUARD INFORMTION TECH ETF,347.9400
165241,2022-12-31,VGT,VANGUARD INFORMTION TECH ETF,319.4100
165241,2023-01-31,VGT,VANGUARD INFORMTION TECH ETF,350.3800
165241,2023-02-28,VGT,VANGUARD INFORMTION TECH ETF,352.1200
165241,2023-03-31,VGT,VANGUARD INFORMTION TECH ETF,385.4700
165241,2023-04-30,VGT,VANGUARD INFORMTION TECH ETF,384.3600
165241,2023-05-31,VGT,VANGUARD INFORMTION TECH ETF,416.8800
165241,2023-06-30,VGT,VANGUARD INFORMTION TECH ETF,442.1600
165241,2023-07-31,VGT,VANGUARD INFORMTION TECH ETF,454.8100
165241,2023-08-31,VGT,VANGUARD INFORMTION TECH ETF,444.8800
165241,2023-09-30,VGT,VANGUARD INFORMTION TECH ETF,414.9000
165241,2023-10-31,VGT,VANGUARD INFORMTION TECH ETF,407.8000
165241,2023-11-30,VGT,VANGUARD INFORMTION TECH ETF,462.0300
165241,2023-12-31,VGT,VANGUARD INFORMTION TECH ETF,484.0000
165241,2024-01-31,VGT,VANGUARD INFORMTION TECH ETF,493.9100
165241,2024-02-29,VGT,VANGUARD INFORMTION TECH ETF,517.7900
165241,2024-03-31,VGT,VANGUARD INFORMTION TECH ETF,524.3400
165241,2024-04-30,VGT,VANGUARD INFORMTION TECH ETF,494.7300
165241,2024-05-31,VGT,VANGUARD INFORMTION TECH ETF,534.6100
165241,2024-06-30,VGT,VANGUARD INFORMTION TECH ETF,576.5900
165241,2024-07-31,VGT,VANGUARD INFORMTION TECH ETF,568.0100
165241,2024-08-31,VGT,VANGUARD INFORMTION TECH ETF,573.9700
165241,2024-09-30,VGT,VANGUARD INFORMTION TECH ETF,586.5200
165241,2024-10-31,VGT,VANGUARD INFORMTION TECH ETF,582.3000
165241,2024-11-30,VGT,VANGUARD INFORMTION TECH ETF,622.2500
165241,2024-12-31,VGT,VANGUARD INFORMTION TECH ETF,621.8000
165241,2025-01-31,VGT,VANGUARD INFORMTION TECH ETF,616.6100
165241,2025-02-28,VGT,VANGUARD INFORMTION TECH ETF,598.4800
165241,2025-03-31,VGT,VANGUARD INFORMTION TECH ETF,542.3800
165241,2025-04-30,VGT,VANGUARD INFORMTION TECH ETF,549.4500
165241,2025-05-31,VGT,VANGUARD INFORMTION TECH ETF,606.3700
165241,2025-06-30,VGT,VANGUARD INFORMTION TECH ETF,663.2800
165241,2025-07-31,VGT,VANGUARD INFORMTION TECH ETF,690.4700
165241,2025-08-31,VGT,VANGUARD INFORMTION TECH ETF,697.0200
165241,2025-09-30,VGT,VANGUARD INFORMTION TECH ETF,746.6300
165241,2025-10-31,VGT,VANGUARD INFORMTION TECH ETF,793.2100
165241,2025-11-30,VGT,VANGUARD INFORMTION TECH ETF,752.2000
165241,2025-12-31,VGT,VANGUARD INFORMTION TECH ETF,753.7800
165241,2026-01-31,VGT,VANGUARD INFORMTION TECH ETF,747.9200
165241,2026-02-28,VGT,VANGUARD INFORMTION TECH ETF,726.7000
165241,2026-03-31,VGT,VANGUARD INFORMTION TECH ETF,697.7200
165241,2026-04-30,VGT,VANGUARD INFORMTION TECH ETF,103.1800
165241,2026-05-31,VGT,VANGUARD INFORMTION TECH ETF,121.0600
165241,2026-06-30,VGT,VANGUARD INFORMTION TECH ETF,119.5200
165241,2026-07-31,VGT,VANGUARD INFORMTION TECH ETF,113.1500
165241,2026-08-31,VGT,VANGUARD INFORMTION TECH ETF,120.4900
165241,2026-09-30,VGT,VANGUARD INFORMTION TECH ETF,
185533,2010-09-30,VOO,VANGUARD S&P 500 ETF,52.1800
185533,2010-10-31,VOO,VANGUARD S&P 500 ETF,54.1500
185533,2010-11-30,VOO,VANGUARD S&P 500 ETF,54.0900
185533,2010-12-31,VOO,VANGUARD S&P 500 ETF,57.5700
185533,2011-01-31,VOO,VANGUARD S&P 500 ETF,58.8500
185533,2011-02-28,VOO,VANGUARD S&P 500 ETF,60.8900
185533,2011-03-31,VOO,VANGUARD S&P 500 ETF,60.6200
185533,2011-04-30,VOO,VANGUARD S&P 500 ETF,62.4000
185533,2011-05-31,VOO,VANGUARD S&P 500 ETF,61.6700
185533,2011-06-30,VOO,VANGUARD S&P 500 ETF,60.3400
185533,2011-07-31,VOO,VANGUARD S&P 500 ETF,59.1000
185533,2011-08-31,VOO,VANGUARD S&P 500 ETF,55.8400
185533,2011-09-30,VOO,VANGUARD S&P 500 ETF,51.7600
185533,2011-10-31,VOO,VANGUARD S&P 500 ETF,57.3200
185533,2011-11-30,VOO,VANGUARD S&P 500 ETF,57.1500
185533,2011-12-31,VOO,VANGUARD S&P 500 ETF,57.4500
185533,2012-01-31,VOO,VANGUARD S&P 500 ETF,60.0200
185533,2012-02-29,VOO,VANGUARD S&P 500 ETF,62.5900
185533,2012-03-31,VOO,VANGUARD S&P 500 ETF,64.3700
185533,2012-04-30,VOO,VANGUARD S&P 500 ETF,63.9600
185533,2012-05-31,VOO,VANGUARD S&P 500 ETF,60.1200
185533,2012-06-30,VOO,VANGUARD S&P 500 ETF,62.2800
185533,2012-07-31,VOO,VANGUARD S&P 500 ETF,63.0300
185533,2012-08-31,VOO,VANGUARD S&P 500 ETF,64.6100
185533,2012-09-30,VOO,VANGUARD S&P 500 ETF,65.9200
185533,2012-10-31,VOO,VANGUARD S&P 500 ETF,64.6300
185533,2012-11-30,VOO,VANGUARD S&P 500 ETF,65.0000
185533,2012-12-31,VOO,VANGUARD S&P 500 ETF,65.1900
185533,2013-01-31,VOO,VANGUARD S&P 500 ETF,68.5600
185533,2013-02-28,VOO,VANGUARD S&P 500 ETF,69.4700
185533,2013-03-31,VOO,VANGUARD S&P 500 ETF,71.6400
185533,2013-04-30,VOO,VANGUARD S&P 500 ETF,73.1400
185533,2013-05-31,VOO,VANGUARD S&P 500 ETF,74.8400
185533,2013-06-30,VOO,VANGUARD S&P 500 ETF,73.3400
185533,2013-07-31,VOO,VANGUARD S&P 500 ETF,77.2300
185533,2013-08-31,VOO,VANGUARD S&P 500 ETF,74.8500
185533,2013-09-30,VOO,VANGUARD S&P 500 ETF,77.0000
185533,2013-10-31,VOO,VANGUARD S&P 500 ETF,160.8800
185533,2013-11-30,VOO,VANGUARD S&P 500 ETF,165.7000
185533,2013-12-31,VOO,VANGUARD S&P 500 ETF,169.1500
185533,2014-01-31,VOO,VANGUARD S&P 500 ETF,163.1800
185533,2014-02-28,VOO,VANGUARD S&P 500 ETF,170.6300
185533,2014-03-31,VOO,VANGUARD S&P 500 ETF,171.3500
185533,2014-04-30,VOO,VANGUARD S&P 500 ETF,172.5900
185533,2014-05-31,VOO,VANGUARD S&P 500 ETF,176.5500
185533,2014-06-30,VOO,VANGUARD S&P 500 ETF,179.4300
185533,2014-07-31,VOO,VANGUARD S&P 500 ETF,176.9600
185533,2014-08-31,VOO,VANGUARD S&P 500 ETF,183.9900
185533,2014-09-30,VOO,VANGUARD S&P 500 ETF,180.5900
185533,2014-10-31,VOO,VANGUARD S&P 500 ETF,184.9300
185533,2014-11-30,VOO,VANGUARD S&P 500 ETF,190.0300
185533,2014-12-31,VOO,VANGUARD S&P 500 ETF,188.4000
185533,2015-01-31,VOO,VANGUARD S&P 500 ETF,182.9900
185533,2015-02-28,VOO,VANGUARD S&P 500 ETF,193.2000
185533,2015-03-31,VOO,VANGUARD S&P 500 ETF,189.2000
185533,2015-04-30,VOO,VANGUARD S&P 500 ETF,191.1000
185533,2015-05-31,VOO,VANGUARD S&P 500 ETF,193.4900
185533,2015-06-30,VOO,VANGUARD S&P 500 ETF,188.8400
185533,2015-07-31,VOO,VANGUARD S&P 500 ETF,192.9500
185533,2015-08-31,VOO,VANGUARD S&P 500 ETF,181.1100
185533,2015-09-30,VOO,VANGUARD S&P 500 ETF,175.7100
185533,2015-10-31,VOO,VANGUARD S&P 500 ETF,190.5600
185533,2015-11-30,VOO,VANGUARD S&P 500 ETF,191.3700
185533,2015-12-31,VOO,VANGUARD S&P 500 ETF,186.9300
185533,2016-01-31,VOO,VANGUARD S&P 500 ETF,177.7500
185533,2016-02-29,VOO,VANGUARD S&P 500 ETF,177.3800
185533,2016-03-31,VOO,VANGUARD S&P 500 ETF,188.5600
185533,2016-04-30,VOO,VANGUARD S&P 500 ETF,189.2200
185533,2016-05-31,VOO,VANGUARD S&P 500 ETF,192.5400
185533,2016-06-30,VOO,VANGUARD S&P 500 ETF,192.2000
185533,2016-07-31,VOO,VANGUARD S&P 500 ETF,199.2800
185533,2016-08-31,VOO,VANGUARD S&P 500 ETF,199.5200
185533,2016-09-30,VOO,VANGUARD S&P 500 ETF,198.6900
185533,2016-10-31,VOO,VANGUARD S&P 500 ETF,195.1300
185533,2016-11-30,VOO,VANGUARD S&P 500 ETF,202.4000
185533,2016-12-31,VOO,VANGUARD S&P 500 ETF,205.3100
185533,2017-01-31,VOO,VANGUARD S&P 500 ETF,208.9700
185533,2017-02-28,VOO,VANGUARD S&P 500 ETF,217.0700
185533,2017-03-31,VOO,VANGUARD S&P 500 ETF,216.3500
185533,2017-04-30,VOO,VANGUARD S&P 500 ETF,218.6000
185533,2017-05-31,VOO,VANGUARD S&P 500 ETF,221.6700
185533,2017-06-30,VOO,VANGUARD S&P 500 ETF,222.0600
185533,2017-07-31,VOO,VANGUARD S&P 500 ETF,226.6400
185533,2017-08-31,VOO,VANGUARD S&P 500 ETF,227.3000
185533,2017-09-30,VOO,VANGUARD S&P 500 ETF,230.7600
185533,2017-10-31,VOO,VANGUARD S&P 500 ETF,236.1300
185533,2017-11-30,VOO,VANGUARD S&P 500 ETF,243.3500
185533,2017-12-31,VOO,VANGUARD S&P 500 ETF,245.2900
185533,2018-01-31,VOO,VANGUARD S&P 500 ETF,258.9900
185533,2018-02-28,VOO,VANGUARD S&P 500 ETF,249.3400
185533,2018-03-31,VOO,VANGUARD S&P 500 ETF,242.0800
185533,2018-04-30,VOO,VANGUARD S&P 500 ETF,242.9200
185533,2018-05-31,VOO,VANGUARD S&P 500 ETF,248.7900
185533,2018-06-30,VOO,VANGUARD S&P 500 ETF,249.5100
185533,2018-07-31,VOO,VANGUARD S&P 500 ETF,258.4000
185533,2018-08-31,VOO,VANGUARD S&P 500 ETF,266.7200
185533,2018-09-30,VOO,VANGUARD S&P 500 ETF,267.0500
185533,2018-10-31,VOO,VANGUARD S&P 500 ETF,248.7900
185533,2018-11-30,VOO,VANGUARD S&P 500 ETF,253.4800
185533,2018-12-31,VOO,VANGUARD S&P 500 ETF,229.8100
185533,2019-01-31,VOO,VANGUARD S&P 500 ETF,248.0100
185533,2019-02-28,VOO,VANGUARD S&P 500 ETF,256.0700
185533,2019-03-31,VOO,VANGUARD S&P 500 ETF,259.5400
185533,2019-04-30,VOO,VANGUARD S&P 500 ETF,270.0100
185533,2019-05-31,VOO,VANGUARD S&P 500 ETF,252.8700
185533,2019-06-30,VOO,VANGUARD S&P 500 ETF,269.1500
185533,2019-07-31,VOO,VANGUARD S&P 500 ETF,273.0800
185533,2019-08-31,VOO,VANGUARD S&P 500 ETF,268.6000
185533,2019-09-30,VOO,VANGUARD S&P 500 ETF,272.6000
185533,2019-10-31,VOO,VANGUARD S&P 500 ETF,278.5500
185533,2019-11-30,VOO,VANGUARD S&P 500 ETF,288.6500
185533,2019-12-31,VOO,VANGUARD S&P 500 ETF,295.8000
185533,2020-01-31,VOO,VANGUARD S&P 500 ETF,295.6900
185533,2020-02-29,VOO,VANGUARD S&P 500 ETF,271.7400
185533,2020-03-31,VOO,VANGUARD S&P 500 ETF,236.8200
185533,2020-04-30,VOO,VANGUARD S&P 500 ETF,267.1000
185533,2020-05-31,VOO,VANGUARD S&P 500 ETF,279.7500
185533,2020-06-30,VOO,VANGUARD S&P 500 ETF,283.4300
185533,2020-07-31,VOO,VANGUARD S&P 500 ETF,300.1000
185533,2020-08-31,VOO,VANGUARD S&P 500 ETF,321.0200
185533,2020-09-30,VOO,VANGUARD S&P 500 ETF,307.6500
185533,2020-10-31,VOO,VANGUARD S&P 500 ETF,299.8200
185533,2020-11-30,VOO,VANGUARD S&P 500 ETF,332.6400
185533,2020-12-31,VOO,VANGUARD S&P 500 ETF,343.6900
185533,2021-01-31,VOO,VANGUARD S&P 500 ETF,340.1800
185533,2021-02-28,VOO,VANGUARD S&P 500 ETF,349.5900
185533,2021-03-31,VOO,VANGUARD S&P 500 ETF,364.3000
185533,2021-04-30,VOO,VANGUARD S&P 500 ETF,383.5700
185533,2021-05-31,VOO,VANGUARD S&P 500 ETF,386.1300
185533,2021-06-30,VOO,VANGUARD S&P 500 ETF,393.5200
185533,2021-07-31,VOO,VANGUARD S&P 500 ETF,403.1500
185533,2021-08-31,VOO,VANGUARD S&P 500 ETF,415.0500
185533,2021-09-30,VOO,VANGUARD S&P 500 ETF,394.4000
185533,2021-10-31,VOO,VANGUARD S&P 500 ETF,422.1600
185533,2021-11-30,VOO,VANGUARD S&P 500 ETF,419.0600
185533,2021-12-31,VOO,VANGUARD S&P 500 ETF,436.5700
185533,2022-01-31,VOO,VANGUARD S&P 500 ETF,413.6900
185533,2022-02-28,VOO,VANGUARD S&P 500 ETF,401.3600
185533,2022-03-31,VOO,VANGUARD S&P 500 ETF,415.1700
185533,2022-04-30,VOO,VANGUARD S&P 500 ETF,378.7000
185533,2022-05-31,VOO,VANGUARD S&P 500 ETF,379.6800
185533,2022-06-30,VOO,VANGUARD S&P 500 ETF,346.8800
185533,2022-07-31,VOO,VANGUARD S&P 500 ETF,378.7900
185533,2022-08-31,VOO,VANGUARD S&P 500 ETF,363.1500
185533,2022-09-30,VOO,VANGUARD S&P 500 ETF,328.3000
185533,2022-10-31,VOO,VANGUARD S&P 500 ETF,354.9500
185533,2022-11-30,VOO,VANGUARD S&P 500 ETF,374.4900
185533,2022-12-31,VOO,VANGUARD S&P 500 ETF,351.3400
185533,2023-01-31,VOO,VANGUARD S&P 500 ETF,373.4400
185533,2023-02-28,VOO,VANGUARD S&P 500 ETF,364.1100
185533,2023-03-31,VOO,VANGUARD S&P 500 ETF,376.0700
185533,2023-04-30,VOO,VANGUARD S&P 500 ETF,382.0500
185533,2023-05-31,VOO,VANGUARD S&P 500 ETF,383.8900
185533,2023-06-30,VOO,VANGUARD S&P 500 ETF,407.2800
185533,2023-07-31,VOO,VANGUARD S&P 500 ETF,420.6800
185533,2023-08-31,VOO,VANGUARD S&P 500 ETF,413.8300
185533,2023-09-30,VOO,VANGUARD S&P 500 ETF,392.7000
185533,2023-10-31,VOO,VANGUARD S&P 500 ETF,384.1700
185533,2023-11-30,VOO,VANGUARD S&P 500 ETF,419.4000
185533,2023-12-31,VOO,VANGUARD S&P 500 ETF,436.8000
185533,2024-01-31,VOO,VANGUARD S&P 500 ETF,443.8200
185533,2024-02-29,VOO,VANGUARD S&P 500 ETF,466.9300
185533,2024-03-31,VOO,VANGUARD S&P 500 ETF,480.7000
185533,2024-04-30,VOO,VANGUARD S&P 500 ETF,461.4300
185533,2024-05-31,VOO,VANGUARD S&P 500 ETF,484.6200
185533,2024-06-30,VOO,VANGUARD S&P 500 ETF,500.1300
185533,2024-07-31,VOO,VANGUARD S&P 500 ETF,505.9300
185533,2024-08-31,VOO,VANGUARD S&P 500 ETF,518.0400
185533,2024-09-30,VOO,VANGUARD S&P 500 ETF,527.6700
185533,2024-10-31,VOO,VANGUARD S&P 500 ETF,522.6700
185533,2024-11-30,VOO,VANGUARD S&P 500 ETF,553.4500
185533,2024-12-31,VOO,VANGUARD S&P 500 ETF,538.8100
185533,2025-01-31,VOO,VANGUARD S&P 500 ETF,553.3300
185533,2025-02-28,VOO,VANGUARD S&P 500 ETF,546.3300
185533,2025-03-31,VOO,VANGUARD S&P 500 ETF,513.9100
185533,2025-04-30,VOO,VANGUARD S&P 500 ETF,509.7400
185533,2025-05-31,VOO,VANGUARD S&P 500 ETF,541.7600
185533,2025-06-30,VOO,VANGUARD S&P 500 ETF,568.0300
185533,2025-07-31,VOO,VANGUARD S&P 500 ETF,581.0200
185533,2025-08-31,VOO,VANGUARD S&P 500 ETF,593.0800
185533,2025-09-30,VOO,VANGUARD S&P 500 ETF,612.3800
185533,2025-10-31,VOO,VANGUARD S&P 500 ETF,627.0400
185533,2025-11-30,VOO,VANGUARD S&P 500 ETF,628.4100
185533,2025-12-31,VOO,VANGUARD S&P 500 ETF,627.1300
185533,2026-01-31,VOO,VANGUARD S&P 500 ETF,636.2200
185533,2026-02-28,VOO,VANGUARD S&P 500 ETF,631.0400
185533,2026-03-31,VOO,VANGUARD S&P 500 ETF,597.5500
185533,2026-04-30,VOO,VANGUARD S&P 500 ETF,660.5800
185533,2026-05-31,VOO,VANGUARD S&P 500 ETF,695.4900
185533,2026-06-30,VOO,VANGUARD S&P 500 ETF,686.8100
185533,2026-07-31,VOO,VANGUARD S&P 500 ETF,686.6500
185533,2026-08-31,VOO,VANGUARD S&P 500 ETF,704.8900
187021,2011-04-30,XUT.,ISHARES S&P/TSX CAP UTIL IDX,20.2200
187021,2011-05-31,XUT.,ISHARES S&P/TSX CAP UTIL IDX,21.0100
187021,2011-06-30,XUT.,ISHARES S&P/TSX CAP UTIL IDX,20.2600
187021,2011-07-31,XUT.,ISHARES S&P/TSX CAP UTIL IDX,20.1800
187021,2011-08-31,XUT.,ISHARES S&P/TSX CAP UTIL IDX,20.3200
187021,2011-09-30,XUT.,ISHARES S&P/TSX CAP UTIL IDX,20.8800
187021,2011-10-31,XUT.,ISHARES S&P/TSX CAP UTIL IDX,20.8900
187021,2011-11-30,XUT.,ISHARES S&P/TSX CAP UTIL IDX,20.7100
187021,2011-12-31,XUT.,ISHARES S&P/TSX CAP UTIL IDX,20.7300
187021,2012-01-31,XUT.,ISHARES S&P/TSX CAP UTIL IDX,20.4300
187021,2012-02-29,XUT.,ISHARES S&P/TSX CAP UTIL IDX,21.1800
187021,2012-03-31,XUT.,ISHARES S&P/TSX CAP UTIL IDX,20.7800
187021,2012-04-30,XUT.,ISHARES S&P/TSX CAP UTIL IDX,21.0000
187021,2012-05-31,XUT.,ISHARES S&P/TSX CAP UTIL IDX,20.3700
187021,2012-06-30,XUT.,ISHARES S&P/TSX CAP UTIL IDX,20.4400
187021,2012-07-31,XUT.,ISHARES S&P/TSX CAP UTIL IDX,20.6300
187021,2012-08-31,XUT.,ISHARES S&P/TSX CAP UTIL IDX,20.3700
187021,2012-09-30,XUT.,ISHARES S&P/TSX CAP UTIL IDX,20.5600
187021,2012-10-31,XUT.,ISHARES S&P/TSX CAP UTIL IDX,20.6200
187021,2012-11-30,XUT.,ISHARES S&P/TSX CAP UTIL IDX,20.0000
187021,2012-12-31,XUT.,ISHARES S&P/TSX CAP UTIL IDX,20.6000
187021,2013-01-31,XUT.,ISHARES S&P/TSX CAP UTIL IDX,21.3200
187021,2013-02-28,XUT.,ISHARES S&P/TSX CAP UTIL IDX,21.0000
187021,2013-03-31,XUT.,ISHARES S&P/TSX CAP UTIL IDX,20.4100
187021,2013-04-30,XUT.,ISHARES S&P/TSX CAP UTIL IDX,21.0200
187021,2013-05-31,XUT.,ISHARES S&P/TSX CAP UTIL IDX,20.2100
187021,2013-06-30,XUT.,ISHARES S&P/TSX CAP UTIL IDX,19.2900
187021,2013-07-31,XUT.,ISHARES S&P/TSX CAP UTIL IDX,19.5100
187021,2013-08-31,XUT.,ISHARES S&P/TSX CAP UTIL IDX,18.1100
187021,2013-09-30,XUT.,ISHARES S&P/TSX CAP UTIL IDX,18.4700
187021,2013-10-31,XUT.,ISHARES S&P/TSX CAP UTIL IDX,19.4200
187021,2013-11-30,XUT.,ISHARES S&P/TSX CAP UTIL IDX,18.8900
187021,2013-12-31,XUT.,ISHARES S&P/TSX CAP UTIL IDX,18.7400
187021,2014-01-31,XUT.,ISHARES S&P/TSX CAP UTIL IDX,19.2300
187021,2014-02-28,XUT.,ISHARES S&P/TSX CAP UTIL IDX,19.4600
187021,2014-03-31,XUT.,ISHARES S&P/TSX CAP UTIL IDX,20.1400
187021,2014-04-30,XUT.,ISHARES S&P/TSX CAP UTIL IDX,20.2500
187021,2014-05-31,XUT.,ISHARES S&P/TSX CAP UTIL IDX,20.0200
187021,2014-06-30,XUT.,ISHARES S&P/TSX CAP UTIL IDX,20.2000
187021,2014-07-31,XUT.,ISHARES S&P/TSX CAP UTIL IDX,19.8100
187021,2014-08-31,XUT.,ISHARES S&P/TSX CAP UTIL IDX,20.2500
187021,2014-09-30,XUT.,ISHARES S&P/TSX CAP UTIL IDX,20.1000
187021,2014-10-31,XUT.,ISHARES S&P/TSX CAP UTIL IDX,20.3800
187021,2014-11-30,XUT.,ISHARES S&P/TSX CAP UTIL IDX,21.2500
187021,2014-12-31,XUT.,ISHARES S&P/TSX CAP UTIL IDX,20.8800
187021,2015-01-31,XUT.,ISHARES S&P/TSX CAP UTIL IDX,22.0100
187021,2015-02-28,XUT.,ISHARES S&P/TSX CAP UTIL IDX,21.7100
187021,2015-03-31,XUT.,ISHARES S&P/TSX CAP UTIL IDX,21.3800
187021,2015-04-30,XUT.,ISHARES S&P/TSX CAP UTIL IDX,21.4800
187021,2015-05-31,XUT.,ISHARES S&P/TSX CAP UTIL IDX,20.8200
187021,2015-06-30,XUT.,ISHARES S&P/TSX CAP UTIL IDX,19.5700
187021,2015-07-31,XUT.,ISHARES S&P/TSX CAP UTIL IDX,19.8300
187021,2015-08-31,XUT.,ISHARES S&P/TSX CAP UTIL IDX,19.7600
187021,2015-09-30,XUT.,ISHARES S&P/TSX CAP UTIL IDX,19.7600
187021,2015-10-31,XUT.,ISHARES S&P/TSX CAP UTIL IDX,19.4000
187021,2015-11-30,XUT.,ISHARES S&P/TSX CAP UTIL IDX,18.9300
187021,2015-12-31,XUT.,ISHARES S&P/TSX CAP UTIL IDX,19.2500
187021,2016-01-31,XUT.,ISHARES S&P/TSX CAP UTIL IDX,20.3000
187021,2016-02-29,XUT.,ISHARES S&P/TSX CAP UTIL IDX,19.3300
187021,2016-03-31,XUT.,ISHARES S&P/TSX CAP UTIL IDX,20.9000
187021,2016-04-30,XUT.,ISHARES S&P/TSX CAP UTIL IDX,20.6000
187021,2016-05-31,XUT.,ISHARES S&P/TSX CAP UTIL IDX,22.3800
187021,2016-06-30,XUT.,ISHARES S&P/TSX CAP UTIL IDX,22.1200
187021,2016-07-31,XUT.,ISHARES S&P/TSX CAP UTIL IDX,22.6200
187021,2016-08-31,XUT.,ISHARES S&P/TSX CAP UTIL IDX,21.9400
187021,2016-09-30,XUT.,ISHARES S&P/TSX CAP UTIL IDX,22.0600
187021,2016-10-31,XUT.,ISHARES S&P/TSX CAP UTIL IDX,22.2400
187021,2016-11-30,XUT.,ISHARES S&P/TSX CAP UTIL IDX,21.1000
187021,2016-12-31,XUT.,ISHARES S&P/TSX CAP UTIL IDX,21.6800
187021,2017-01-31,XUT.,ISHARES S&P/TSX CAP UTIL IDX,21.9300
187021,2017-02-28,XUT.,ISHARES S&P/TSX CAP UTIL IDX,21.9600
187021,2017-03-31,XUT.,ISHARES S&P/TSX CAP UTIL IDX,23.0100
187021,2017-04-30,XUT.,ISHARES S&P/TSX CAP UTIL IDX,22.9100
187021,2017-05-31,XUT.,ISHARES S&P/TSX CAP UTIL IDX,23.3500
187021,2017-06-30,XUT.,ISHARES S&P/TSX CAP UTIL IDX,23.3200
187021,2017-07-31,XUT.,ISHARES S&P/TSX CAP UTIL IDX,22.8300
187021,2017-08-31,XUT.,ISHARES S&P/TSX CAP UTIL IDX,23.2100
187021,2017-09-30,XUT.,ISHARES S&P/TSX CAP UTIL IDX,22.6600
187021,2017-10-31,XUT.,ISHARES S&P/TSX CAP UTIL IDX,23.3300
187021,2017-11-30,XUT.,ISHARES S&P/TSX CAP UTIL IDX,23.3100
187021,2017-12-31,XUT.,ISHARES S&P/TSX CAP UTIL IDX,23.0400
187021,2018-01-31,XUT.,ISHARES S&P/TSX CAP UTIL IDX,21.9500
187021,2018-02-28,XUT.,ISHARES S&P/TSX CAP UTIL IDX,21.1300
187021,2018-03-31,XUT.,ISHARES S&P/TSX CAP UTIL IDX,21.4400
187021,2018-04-30,XUT.,ISHARES S&P/TSX CAP UTIL IDX,21.0200
187021,2018-05-31,XUT.,ISHARES S&P/TSX CAP UTIL IDX,20.6700
187021,2018-06-30,XUT.,ISHARES S&P/TSX CAP UTIL IDX,21.0700
187021,2018-07-31,XUT.,ISHARES S&P/TSX CAP UTIL IDX,21.2000
187021,2018-08-31,XUT.,ISHARES S&P/TSX CAP UTIL IDX,21.1000
187021,2018-09-30,XUT.,ISHARES S&P/TSX CAP UTIL IDX,20.8400
187021,2018-10-31,XUT.,ISHARES S&P/TSX CAP UTIL IDX,20.1500
187021,2018-11-30,XUT.,ISHARES S&P/TSX CAP UTIL IDX,21.0000
187021,2018-12-31,XUT.,ISHARES S&P/TSX CAP UTIL IDX,20.2300
187021,2019-01-31,XUT.,ISHARES S&P/TSX CAP UTIL IDX,21.4300
187021,2019-02-28,XUT.,ISHARES S&P/TSX CAP UTIL IDX,22.2800
187021,2019-03-31,XUT.,ISHARES S&P/TSX CAP UTIL IDX,23.2300
187021,2019-04-30,XUT.,ISHARES S&P/TSX CAP UTIL IDX,23.2500
187021,2019-05-31,XUT.,ISHARES S&P/TSX CAP UTIL IDX,23.9400
187021,2019-06-30,XUT.,ISHARES S&P/TSX CAP UTIL IDX,24.1700
187021,2019-07-31,XUT.,ISHARES S&P/TSX CAP UTIL IDX,24.5200
187021,2019-08-31,XUT.,ISHARES S&P/TSX CAP UTIL IDX,25.6100
187021,2019-09-30,XUT.,ISHARES S&P/TSX CAP UTIL IDX,26.3500
187021,2019-10-31,XUT.,ISHARES S&P/TSX CAP UTIL IDX,26.0400
187021,2019-11-30,XUT.,ISHARES S&P/TSX CAP UTIL IDX,26.6800
187021,2019-12-31,XUT.,ISHARES S&P/TSX CAP UTIL IDX,26.5800
187021,2020-01-31,XUT.,ISHARES S&P/TSX CAP UTIL IDX,28.5600
187021,2020-02-29,XUT.,ISHARES S&P/TSX CAP UTIL IDX,27.6400
187021,2020-03-31,XUT.,ISHARES S&P/TSX CAP UTIL IDX,24.9400
187021,2020-04-30,XUT.,ISHARES S&P/TSX CAP UTIL IDX,25.7800
187021,2020-05-31,XUT.,ISHARES S&P/TSX CAP UTIL IDX,25.8300
187021,2020-06-30,XUT.,ISHARES S&P/TSX CAP UTIL IDX,25.6150
187021,2020-07-31,XUT.,ISHARES S&P/TSX CAP UTIL IDX,27.0600
187021,2020-08-31,XUT.,ISHARES S&P/TSX CAP UTIL IDX,26.5000
187021,2020-09-30,XUT.,ISHARES S&P/TSX CAP UTIL IDX,28.0700
187021,2020-10-31,XUT.,ISHARES S&P/TSX CAP UTIL IDX,27.6900
187021,2020-11-30,XUT.,ISHARES S&P/TSX CAP UTIL IDX,29.2500
187021,2020-12-31,XUT.,ISHARES S&P/TSX CAP UTIL IDX,29.0700
187021,2021-01-31,XUT.,ISHARES S&P/TSX CAP UTIL IDX,29.7400
187021,2021-02-28,XUT.,ISHARES S&P/TSX CAP UTIL IDX,28.1100
187021,2021-03-31,XUT.,ISHARES S&P/TSX CAP UTIL IDX,29.7800
187021,2021-04-30,XUT.,ISHARES S&P/TSX CAP UTIL IDX,29.5400
187021,2021-05-31,XUT.,ISHARES S&P/TSX CAP UTIL IDX,29.3200
187021,2021-06-30,XUT.,ISHARES S&P/TSX CAP UTIL IDX,29.9300
187021,2021-07-31,XUT.,ISHARES S&P/TSX CAP UTIL IDX,30.7000
187021,2021-08-31,XUT.,ISHARES S&P/TSX CAP UTIL IDX,30.9300
187021,2021-09-30,XUT.,ISHARES S&P/TSX CAP UTIL IDX,29.9400
187021,2021-10-31,XUT.,ISHARES S&P/TSX CAP UTIL IDX,30.0300
187021,2021-11-30,XUT.,ISHARES S&P/TSX CAP UTIL IDX,29.6000
187021,2021-12-31,XUT.,ISHARES S&P/TSX CAP UTIL IDX,31.2300
187021,2022-01-31,XUT.,ISHARES S&P/TSX CAP UTIL IDX,30.4600
187021,2022-02-28,XUT.,ISHARES S&P/TSX CAP UTIL IDX,30.4700
187021,2022-03-31,XUT.,ISHARES S&P/TSX CAP UTIL IDX,32.5000
187021,2022-04-30,XUT.,ISHARES S&P/TSX CAP UTIL IDX,31.9100
187021,2022-05-31,XUT.,ISHARES S&P/TSX CAP UTIL IDX,32.0600
187021,2022-06-30,XUT.,ISHARES S&P/TSX CAP UTIL IDX,31.0300
187021,2022-07-31,XUT.,ISHARES S&P/TSX CAP UTIL IDX,32.1800
187021,2022-08-31,XUT.,ISHARES S&P/TSX CAP UTIL IDX,32.4600
187021,2022-09-30,XUT.,ISHARES S&P/TSX CAP UTIL IDX,29.3300
187021,2022-10-31,XUT.,ISHARES S&P/TSX CAP UTIL IDX,28.5800
187021,2022-11-30,XUT.,ISHARES S&P/TSX CAP UTIL IDX,28.2600
187021,2022-12-31,XUT.,ISHARES S&P/TSX CAP UTIL IDX,26.8700
187021,2023-01-31,XUT.,ISHARES S&P/TSX CAP UTIL IDX,27.7400
187021,2023-02-28,XUT.,ISHARES S&P/TSX CAP UTIL IDX,27.0400
187021,2023-03-31,XUT.,ISHARES S&P/TSX CAP UTIL IDX,28.3600
187021,2023-04-30,XUT.,ISHARES S&P/TSX CAP UTIL IDX,28.9600
187021,2023-05-31,XUT.,ISHARES S&P/TSX CAP UTIL IDX,28.4100
187021,2023-06-30,XUT.,ISHARES S&P/TSX CAP UTIL IDX,27.6800
187021,2023-07-31,XUT.,ISHARES S&P/TSX CAP UTIL IDX,27.2800
187021,2023-08-31,XUT.,ISHARES S&P/TSX CAP UTIL IDX,25.9700
187021,2023-09-30,XUT.,ISHARES S&P/TSX CAP UTIL IDX,24.1400
187021,2023-10-31,XUT.,ISHARES S&P/TSX CAP UTIL IDX,22.9400
187021,2023-11-30,XUT.,ISHARES S&P/TSX CAP UTIL IDX,24.5700
187021,2023-12-31,XUT.,ISHARES S&P/TSX CAP UTIL IDX,25.7600
187021,2024-01-31,XUT.,ISHARES S&P/TSX CAP UTIL IDX,25.4000
187021,2024-02-29,XUT.,ISHARES S&P/TSX CAP UTIL IDX,24.6800
187021,2024-03-31,XUT.,ISHARES S&P/TSX CAP UTIL IDX,25.2000
187021,2024-04-30,XUT.,ISHARES S&P/TSX CAP UTIL IDX,24.2700
187021,2024-05-31,XUT.,ISHARES S&P/TSX CAP UTIL IDX,25.6900
187021,2024-06-30,XUT.,ISHARES S&P/TSX CAP UTIL IDX,24.9800
187021,2024-07-31,XUT.,ISHARES S&P/TSX CAP UTIL IDX,26.8100
187021,2024-08-31,XUT.,ISHARES S&P/TSX CAP UTIL IDX,27.1100
187021,2024-09-30,XUT.,ISHARES S&P/TSX CAP UTIL IDX,28.6500
187021,2024-10-31,XUT.,ISHARES S&P/TSX CAP UTIL IDX,28.0600
187021,2024-11-30,XUT.,ISHARES S&P/TSX CAP UTIL IDX,28.9800
187021,2024-12-31,XUT.,ISHARES S&P/TSX CAP UTIL IDX,27.9300
187021,2025-01-31,XUT.,ISHARES S&P/TSX CAP UTIL IDX,27.7400
187021,2025-02-28,XUT.,ISHARES S&P/TSX CAP UTIL IDX,28.5500
187021,2025-03-31,XUT.,ISHARES S&P/TSX CAP UTIL IDX,28.9900
187021,2025-04-30,XUT.,ISHARES S&P/TSX CAP UTIL IDX,29.6100
187021,2025-05-31,XUT.,ISHARES S&P/TSX CAP UTIL IDX,30.0500
187021,2025-06-30,XUT.,ISHARES S&P/TSX CAP UTIL IDX,29.9800
187021,2025-07-31,XUT.,ISHARES S&P/TSX CAP UTIL IDX,30.5700
187021,2025-08-31,XUT.,ISHARES S&P/TSX CAP UTIL IDX,30.5900
187021,2025-09-30,XUT.,ISHARES S&P/TSX CAP UTIL IDX,31.6600
187021,2025-10-31,XUT.,ISHARES S&P/TSX CAP UTIL IDX,32.8700
187021,2025-11-30,XUT.,ISHARES S&P/TSX CAP UTIL IDX,32.8200
187021,2025-12-31,XUT.,ISHARES S&P/TSX CAP UTIL IDX,31.9100
187021,2026-01-31,XUT.,ISHARES S&P/TSX CAP UTIL IDX,32.4400
187021,2026-02-28,XUT.,ISHARES S&P/TSX CAP UTIL IDX,35.1100
187021,2026-03-31,XUT.,ISHARES S&P/TSX CAP UTIL IDX,35.1800
187021,2026-04-30,XUT.,ISHARES S&P/TSX CAP UTIL IDX,35.0600
187021,2026-05-31,XUT.,ISHARES S&P/TSX CAP UTIL IDX,36.2100
187021,2026-06-30,XUT.,ISHARES S&P/TSX CAP UTIL IDX,36.8700
187021,2026-07-31,XUT.,ISHARES S&P/TSX CAP UTIL IDX,37.1000
187021,2026-08-31,XUT.,ISHARES S&P/TSX CAP UTIL IDX,34.9000
187021,2026-09-30,XUT.,ISHARES S&P/TSX CAP UTIL IDX,
