PERMNO,HdrCUSIP,SecurityNm,Ticker,PERMCO,IssuerNm,MthCalDt,MthPrc,MthPrcDt
76932,29250N10,ENBRIDGE INC; COM NONE; CONS,ENB,2381,ENBRIDGE INC,2020-01-31,40.670000,2020-01-31
76932,29250N10,ENBRIDGE INC; COM NONE; CONS,ENB,2381,ENBRIDGE INC,2020-02-28,37.430000,2020-02-28
76932,29250N10,ENBRIDGE INC; COM NONE; CONS,ENB,2381,ENBRIDGE INC,2020-03-31,29.090000,2020-03-31
76932,29250N10,ENBRIDGE INC; COM NONE; CONS,ENB,2381,ENBRIDGE INC,2020-04-30,30.680000,2020-04-30
76932,29250N10,ENBRIDGE INC; COM NONE; CONS,ENB,2381,ENBRIDGE INC,2020-05-29,32.450000,2020-05-29
76932,29250N10,ENBRIDGE INC; COM NONE; CONS,ENB,2381,ENBRIDGE INC,2020-06-30,30.420000,2020-06-30
76932,29250N10,ENBRIDGE INC; COM NONE; CONS,ENB,2381,ENBRIDGE INC,2020-07-31,32.000000,2020-07-31
76932,29250N10,ENBRIDGE INC; COM NONE; CONS,ENB,2381,ENBRIDGE INC,2020-08-31,32.020000,2020-08-31
76932,29250N10,ENBRIDGE INC; COM NONE; CONS,ENB,2381,ENBRIDGE INC,2020-09-30,29.200000,2020-09-30
76932,29250N10,ENBRIDGE INC; COM NONE; CONS,ENB,2381,ENBRIDGE INC,2020-10-30,27.560000,2020-10-30
76932,29250N10,ENBRIDGE INC; COM NONE; CONS,ENB,2381,ENBRIDGE INC,2020-11-30,31.210000,2020-11-30
76932,29250N10,ENBRIDGE INC; COM NONE; CONS,ENB,2381,ENBRIDGE INC,2020-12-31,31.990000,2020-12-31
76932,29250N10,ENBRIDGE INC; COM NONE; CONS,ENB,2381,ENBRIDGE INC,2021-01-29,33.600000,2021-01-29
76932,29250N10,ENBRIDGE INC; COM NONE; CONS,ENB,2381,ENBRIDGE INC,2021-02-26,33.810000,2021-02-26
76932,29250N10,ENBRIDGE INC; COM NONE; CONS,ENB,2381,ENBRIDGE INC,2021-03-31,36.400000,2021-03-31
76932,29250N10,ENBRIDGE INC; COM NONE; CONS,ENB,2381,ENBRIDGE INC,2021-04-30,38.570000,2021-04-30
76932,29250N10,ENBRIDGE INC; COM NONE; CONS,ENB,2381,ENBRIDGE INC,2021-05-28,38.480000,2021-05-28
76932,29250N10,ENBRIDGE INC; COM NONE; CONS,ENB,2381,ENBRIDGE INC,2021-06-30,40.040000,2021-06-30
76932,29250N10,ENBRIDGE INC; COM NONE; CONS,ENB,2381,ENBRIDGE INC,2021-07-30,39.350000,2021-07-30
76932,29250N10,ENBRIDGE INC; COM NONE; CONS,ENB,2381,ENBRIDGE INC,2021-08-31,39.310000,2021-08-31
76932,29250N10,ENBRIDGE INC; COM NONE; CONS,ENB,2381,ENBRIDGE INC,2021-09-30,39.800000,2021-09-30
76932,29250N10,ENBRIDGE INC; COM NONE; CONS,ENB,2381,ENBRIDGE INC,2021-10-29,41.860000,2021-10-29
76932,29250N10,ENBRIDGE INC; COM NONE; CONS,ENB,2381,ENBRIDGE INC,2021-11-30,37.540000,2021-11-30
76932,29250N10,ENBRIDGE INC; COM NONE; CONS,ENB,2381,ENBRIDGE INC,2021-12-31,39.080000,2021-12-31
76932,29250N10,ENBRIDGE INC; COM NONE; CONS,ENB,2381,ENBRIDGE INC,2022-01-31,42.270000,2022-01-31
76932,29250N10,ENBRIDGE INC; COM NONE; CONS,ENB,2381,ENBRIDGE INC,2022-02-28,43.180000,2022-02-28
76932,29250N10,ENBRIDGE INC; COM NONE; CONS,ENB,2381,ENBRIDGE INC,2022-03-31,46.090000,2022-03-31
76932,29250N10,ENBRIDGE INC; COM NONE; CONS,ENB,2381,ENBRIDGE INC,2022-04-29,43.640000,2022-04-29
76932,29250N10,ENBRIDGE INC; COM NONE; CONS,ENB,2381,ENBRIDGE INC,2022-05-31,46.150000,2022-05-31
76932,29250N10,ENBRIDGE INC; COM NONE; CONS,ENB,2381,ENBRIDGE INC,2022-06-30,42.260000,2022-06-30
76932,29250N10,ENBRIDGE INC; COM NONE; CONS,ENB,2381,ENBRIDGE INC,2022-07-29,44.930000,2022-07-29
76932,29250N10,ENBRIDGE INC; COM NONE; CONS,ENB,2381,ENBRIDGE INC,2022-08-31,41.220000,2022-08-31
76932,29250N10,ENBRIDGE INC; COM NONE; CONS,ENB,2381,ENBRIDGE INC,2022-09-30,37.100000,2022-09-30
76932,29250N10,ENBRIDGE INC; COM NONE; CONS,ENB,2381,ENBRIDGE INC,2022-10-31,38.950000,2022-10-31
76932,29250N10,ENBRIDGE INC; COM NONE; CONS,ENB,2381,ENBRIDGE INC,2022-11-30,41.290000,2022-11-30
76932,29250N10,ENBRIDGE INC; COM NONE; CONS,ENB,2381,ENBRIDGE INC,2022-12-30,39.100000,2022-12-30
76932,29250N10,ENBRIDGE INC; COM NONE; CONS,ENB,2381,ENBRIDGE INC,2023-01-31,40.970000,2023-01-31
76932,29250N10,ENBRIDGE INC; COM NONE; CONS,ENB,2381,ENBRIDGE INC,2023-02-28,37.520000,2023-02-28
76932,29250N10,ENBRIDGE INC; COM NONE; CONS,ENB,2381,ENBRIDGE INC,2023-03-31,38.150000,2023-03-31
76932,29250N10,ENBRIDGE INC; COM NONE; CONS,ENB,2381,ENBRIDGE INC,2023-04-28,39.760000,2023-04-28
76932,29250N10,ENBRIDGE INC; COM NONE; CONS,ENB,2381,ENBRIDGE INC,2023-05-31,35.200000,2023-05-31
76932,29250N10,ENBRIDGE INC; COM NONE; CONS,ENB,2381,ENBRIDGE INC,2023-06-30,37.150000,2023-06-30
76932,29250N10,ENBRIDGE INC; COM NONE; CONS,ENB,2381,ENBRIDGE INC,2023-07-31,36.800000,2023-07-31
76932,29250N10,ENBRIDGE INC; COM NONE; CONS,ENB,2381,ENBRIDGE INC,2023-08-31,35.080000,2023-08-31
76932,29250N10,ENBRIDGE INC; COM NONE; CONS,ENB,2381,ENBRIDGE INC,2023-09-29,33.190000,2023-09-29
76932,29250N10,ENBRIDGE INC; COM NONE; CONS,ENB,2381,ENBRIDGE INC,2023-10-31,32.040000,2023-10-31
76932,29250N10,ENBRIDGE INC; COM NONE; CONS,ENB,2381,ENBRIDGE INC,2023-11-30,34.870000,2023-11-30
76932,29250N10,ENBRIDGE INC; COM NONE; CONS,ENB,2381,ENBRIDGE INC,2023-12-29,36.020000,2023-12-29
76932,29250N10,ENBRIDGE INC; COM NONE; CONS,ENB,2381,ENBRIDGE INC,2024-01-31,35.500000,2024-01-31
76932,29250N10,ENBRIDGE INC; COM NONE; CONS,ENB,2381,ENBRIDGE INC,2024-02-29,34.420000,2024-02-29
76932,29250N10,ENBRIDGE INC; COM NONE; CONS,ENB,2381,ENBRIDGE INC,2024-03-28,36.180000,2024-03-28
76932,29250N10,ENBRIDGE INC; COM NONE; CONS,ENB,2381,ENBRIDGE INC,2024-04-30,35.540000,2024-04-30
76932,29250N10,ENBRIDGE INC; COM NONE; CONS,ENB,2381,ENBRIDGE INC,2024-05-31,36.580000,2024-05-31
76932,29250N10,ENBRIDGE INC; COM NONE; CONS,ENB,2381,ENBRIDGE INC,2024-06-28,35.590000,2024-06-28
76932,29250N10,ENBRIDGE INC; COM NONE; CONS,ENB,2381,ENBRIDGE INC,2024-07-31,37.420000,2024-07-31
76932,29250N10,ENBRIDGE INC; COM NONE; CONS,ENB,2381,ENBRIDGE INC,2024-08-30,40.180000,2024-08-30
76932,29250N10,ENBRIDGE INC; COM NONE; CONS,ENB,2381,ENBRIDGE INC,2024-09-30,40.610000,2024-09-30
76932,29250N10,ENBRIDGE INC; COM NONE; CONS,ENB,2381,ENBRIDGE INC,2024-10-31,40.400000,2024-10-31
76932,29250N10,ENBRIDGE INC; COM NONE; CONS,ENB,2381,ENBRIDGE INC,2024-11-29,43.380000,2024-11-29
76932,29250N10,ENBRIDGE INC; COM NONE; CONS,ENB,2381,ENBRIDGE INC,2024-12-31,42.430000,2024-12-31
76932,29250N10,ENBRIDGE INC; COM NONE; CONS,ENB,2381,ENBRIDGE INC,2025-01-31,43.240000,2025-01-31
76932,29250N10,ENBRIDGE INC; COM NONE; CONS,ENB,2381,ENBRIDGE INC,2025-02-28,42.730000,2025-02-28
76932,29250N10,ENBRIDGE INC; COM NONE; CONS,ENB,2381,ENBRIDGE INC,2025-03-31,44.310000,2025-03-31
76932,29250N10,ENBRIDGE INC; COM NONE; CONS,ENB,2381,ENBRIDGE INC,2025-04-30,46.690000,2025-04-30
76932,29250N10,ENBRIDGE INC; COM NONE; CONS,ENB,2381,ENBRIDGE INC,2025-05-30,46.480000,2025-05-30
76932,29250N10,ENBRIDGE INC; COM NONE; CONS,ENB,2381,ENBRIDGE INC,2025-06-30,45.320000,2025-06-30
76932,29250N10,ENBRIDGE INC; COM NONE; CONS,ENB,2381,ENBRIDGE INC,2025-07-31,45.290000,2025-07-31
76932,29250N10,ENBRIDGE INC; COM NONE; CONS,ENB,2381,ENBRIDGE INC,2025-08-29,48.340000,2025-08-29
76932,29250N10,ENBRIDGE INC; COM NONE; CONS,ENB,2381,ENBRIDGE INC,2025-09-30,50.460000,2025-09-30
76932,29250N10,ENBRIDGE INC; COM NONE; CONS,ENB,2381,ENBRIDGE INC,2025-10-31,46.620000,2025-10-31
76932,29250N10,ENBRIDGE INC; COM NONE; CONS,ENB,2381,ENBRIDGE INC,2025-11-28,48.780000,2025-11-28
76932,29250N10,ENBRIDGE INC; COM NONE; CONS,ENB,2381,ENBRIDGE INC,2025-12-31,47.830000,2025-12-31
80070,86722410,SUNCOR ENERGY INC NEW; COM NONE; CONS,SU,29139,SUNCOR ENERGY INC NEW,2020-01-31,30.590000,2020-01-31
80070,86722410,SUNCOR ENERGY INC NEW; COM NONE; CONS,SU,29139,SUNCOR ENERGY INC NEW,2020-02-28,27.600000,2020-02-28
80070,86722410,SUNCOR ENERGY INC NEW; COM NONE; CONS,SU,29139,SUNCOR ENERGY INC NEW,2020-03-31,15.800000,2020-03-31
80070,86722410,SUNCOR ENERGY INC NEW; COM NONE; CONS,SU,29139,SUNCOR ENERGY INC NEW,2020-04-30,17.850000,2020-04-30
80070,86722410,SUNCOR ENERGY INC NEW; COM NONE; CONS,SU,29139,SUNCOR ENERGY INC NEW,2020-05-29,17.120000,2020-05-29
80070,86722410,SUNCOR ENERGY INC NEW; COM NONE; CONS,SU,29139,SUNCOR ENERGY INC NEW,2020-06-30,16.860000,2020-06-30
80070,86722410,SUNCOR ENERGY INC NEW; COM NONE; CONS,SU,29139,SUNCOR ENERGY INC NEW,2020-07-31,15.760000,2020-07-31
80070,86722410,SUNCOR ENERGY INC NEW; COM NONE; CONS,SU,29139,SUNCOR ENERGY INC NEW,2020-08-31,16.030000,2020-08-31
80070,86722410,SUNCOR ENERGY INC NEW; COM NONE; CONS,SU,29139,SUNCOR ENERGY INC NEW,2020-09-30,12.230000,2020-09-30
80070,86722410,SUNCOR ENERGY INC NEW; COM NONE; CONS,SU,29139,SUNCOR ENERGY INC NEW,2020-10-30,11.290000,2020-10-30
80070,86722410,SUNCOR ENERGY INC NEW; COM NONE; CONS,SU,29139,SUNCOR ENERGY INC NEW,2020-11-30,16.090000,2020-11-30
80070,86722410,SUNCOR ENERGY INC NEW; COM NONE; CONS,SU,29139,SUNCOR ENERGY INC NEW,2020-12-31,16.780000,2020-12-31
80070,86722410,SUNCOR ENERGY INC NEW; COM NONE; CONS,SU,29139,SUNCOR ENERGY INC NEW,2021-01-29,16.730000,2021-01-29
80070,86722410,SUNCOR ENERGY INC NEW; COM NONE; CONS,SU,29139,SUNCOR ENERGY INC NEW,2021-02-26,19.860000,2021-02-26
80070,86722410,SUNCOR ENERGY INC NEW; COM NONE; CONS,SU,29139,SUNCOR ENERGY INC NEW,2021-03-31,20.900000,2021-03-31
80070,86722410,SUNCOR ENERGY INC NEW; COM NONE; CONS,SU,29139,SUNCOR ENERGY INC NEW,2021-04-30,21.420000,2021-04-30
80070,86722410,SUNCOR ENERGY INC NEW; COM NONE; CONS,SU,29139,SUNCOR ENERGY INC NEW,2021-05-28,23.100000,2021-05-28
80070,86722410,SUNCOR ENERGY INC NEW; COM NONE; CONS,SU,29139,SUNCOR ENERGY INC NEW,2021-06-30,23.970000,2021-06-30
80070,86722410,SUNCOR ENERGY INC NEW; COM NONE; CONS,SU,29139,SUNCOR ENERGY INC NEW,2021-07-30,19.630000,2021-07-30
80070,86722410,SUNCOR ENERGY INC NEW; COM NONE; CONS,SU,29139,SUNCOR ENERGY INC NEW,2021-08-31,18.650000,2021-08-31
80070,86722410,SUNCOR ENERGY INC NEW; COM NONE; CONS,SU,29139,SUNCOR ENERGY INC NEW,2021-09-30,20.740000,2021-09-30
80070,86722410,SUNCOR ENERGY INC NEW; COM NONE; CONS,SU,29139,SUNCOR ENERGY INC NEW,2021-10-29,26.300000,2021-10-29
80070,86722410,SUNCOR ENERGY INC NEW; COM NONE; CONS,SU,29139,SUNCOR ENERGY INC NEW,2021-11-30,24.350000,2021-11-30
80070,86722410,SUNCOR ENERGY INC NEW; COM NONE; CONS,SU,29139,SUNCOR ENERGY INC NEW,2021-12-31,25.030000,2021-12-31
80070,86722410,SUNCOR ENERGY INC NEW; COM NONE; CONS,SU,29139,SUNCOR ENERGY INC NEW,2022-01-31,28.570000,2022-01-31
80070,86722410,SUNCOR ENERGY INC NEW; COM NONE; CONS,SU,29139,SUNCOR ENERGY INC NEW,2022-02-28,30.530000,2022-02-28
80070,86722410,SUNCOR ENERGY INC NEW; COM NONE; CONS,SU,29139,SUNCOR ENERGY INC NEW,2022-03-31,32.590000,2022-03-31
80070,86722410,SUNCOR ENERGY INC NEW; COM NONE; CONS,SU,29139,SUNCOR ENERGY INC NEW,2022-04-29,35.940000,2022-04-29
80070,86722410,SUNCOR ENERGY INC NEW; COM NONE; CONS,SU,29139,SUNCOR ENERGY INC NEW,2022-05-31,40.380000,2022-05-31
80070,86722410,SUNCOR ENERGY INC NEW; COM NONE; CONS,SU,29139,SUNCOR ENERGY INC NEW,2022-06-30,35.070000,2022-06-30
80070,86722410,SUNCOR ENERGY INC NEW; COM NONE; CONS,SU,29139,SUNCOR ENERGY INC NEW,2022-07-29,33.940000,2022-07-29
80070,86722410,SUNCOR ENERGY INC NEW; COM NONE; CONS,SU,29139,SUNCOR ENERGY INC NEW,2022-08-31,32.320000,2022-08-31
80070,86722410,SUNCOR ENERGY INC NEW; COM NONE; CONS,SU,29139,SUNCOR ENERGY INC NEW,2022-09-30,28.150000,2022-09-30
80070,86722410,SUNCOR ENERGY INC NEW; COM NONE; CONS,SU,29139,SUNCOR ENERGY INC NEW,2022-10-31,34.390000,2022-10-31
80070,86722410,SUNCOR ENERGY INC NEW; COM NONE; CONS,SU,29139,SUNCOR ENERGY INC NEW,2022-11-30,32.870000,2022-11-30
80070,86722410,SUNCOR ENERGY INC NEW; COM NONE; CONS,SU,29139,SUNCOR ENERGY INC NEW,2022-12-30,31.730000,2022-12-30
80070,86722410,SUNCOR ENERGY INC NEW; COM NONE; CONS,SU,29139,SUNCOR ENERGY INC NEW,2023-01-31,34.720000,2023-01-31
80070,86722410,SUNCOR ENERGY INC NEW; COM NONE; CONS,SU,29139,SUNCOR ENERGY INC NEW,2023-02-28,33.600000,2023-02-28
80070,86722410,SUNCOR ENERGY INC NEW; COM NONE; CONS,SU,29139,SUNCOR ENERGY INC NEW,2023-03-31,31.050000,2023-03-31
80070,86722410,SUNCOR ENERGY INC NEW; COM NONE; CONS,SU,29139,SUNCOR ENERGY INC NEW,2023-04-28,31.320000,2023-04-28
80070,86722410,SUNCOR ENERGY INC NEW; COM NONE; CONS,SU,29139,SUNCOR ENERGY INC NEW,2023-05-31,28.000000,2023-05-31
80070,86722410,SUNCOR ENERGY INC NEW; COM NONE; CONS,SU,29139,SUNCOR ENERGY INC NEW,2023-06-30,29.320000,2023-06-30
80070,86722410,SUNCOR ENERGY INC NEW; COM NONE; CONS,SU,29139,SUNCOR ENERGY INC NEW,2023-07-31,31.290000,2023-07-31
80070,86722410,SUNCOR ENERGY INC NEW; COM NONE; CONS,SU,29139,SUNCOR ENERGY INC NEW,2023-08-31,33.880000,2023-08-31
80070,86722410,SUNCOR ENERGY INC NEW; COM NONE; CONS,SU,29139,SUNCOR ENERGY INC NEW,2023-09-29,34.380000,2023-09-29
80070,86722410,SUNCOR ENERGY INC NEW; COM NONE; CONS,SU,29139,SUNCOR ENERGY INC NEW,2023-10-31,32.400000,2023-10-31
80070,86722410,SUNCOR ENERGY INC NEW; COM NONE; CONS,SU,29139,SUNCOR ENERGY INC NEW,2023-11-30,32.990000,2023-11-30
80070,86722410,SUNCOR ENERGY INC NEW; COM NONE; CONS,SU,29139,SUNCOR ENERGY INC NEW,2023-12-29,32.040000,2023-12-29
80070,86722410,SUNCOR ENERGY INC NEW; COM NONE; CONS,SU,29139,SUNCOR ENERGY INC NEW,2024-01-31,33.120000,2024-01-31
80070,86722410,SUNCOR ENERGY INC NEW; COM NONE; CONS,SU,29139,SUNCOR ENERGY INC NEW,2024-02-29,34.360000,2024-02-29
80070,86722410,SUNCOR ENERGY INC NEW; COM NONE; CONS,SU,29139,SUNCOR ENERGY INC NEW,2024-03-28,36.910000,2024-03-28
80070,86722410,SUNCOR ENERGY INC NEW; COM NONE; CONS,SU,29139,SUNCOR ENERGY INC NEW,2024-04-30,38.190000,2024-04-30
80070,86722410,SUNCOR ENERGY INC NEW; COM NONE; CONS,SU,29139,SUNCOR ENERGY INC NEW,2024-05-31,40.820000,2024-05-31
80070,86722410,SUNCOR ENERGY INC NEW; COM NONE; CONS,SU,29139,SUNCOR ENERGY INC NEW,2024-06-28,38.100000,2024-06-28
80070,86722410,SUNCOR ENERGY INC NEW; COM NONE; CONS,SU,29139,SUNCOR ENERGY INC NEW,2024-07-31,39.920000,2024-07-31
80070,86722410,SUNCOR ENERGY INC NEW; COM NONE; CONS,SU,29139,SUNCOR ENERGY INC NEW,2024-08-30,40.540000,2024-08-30
80070,86722410,SUNCOR ENERGY INC NEW; COM NONE; CONS,SU,29139,SUNCOR ENERGY INC NEW,2024-09-30,36.920000,2024-09-30
80070,86722410,SUNCOR ENERGY INC NEW; COM NONE; CONS,SU,29139,SUNCOR ENERGY INC NEW,2024-10-31,37.770000,2024-10-31
80070,86722410,SUNCOR ENERGY INC NEW; COM NONE; CONS,SU,29139,SUNCOR ENERGY INC NEW,2024-11-29,39.480000,2024-11-29
80070,86722410,SUNCOR ENERGY INC NEW; COM NONE; CONS,SU,29139,SUNCOR ENERGY INC NEW,2024-12-31,35.680000,2024-12-31
80070,86722410,SUNCOR ENERGY INC NEW; COM NONE; CONS,SU,29139,SUNCOR ENERGY INC NEW,2025-01-31,37.560000,2025-01-31
80070,86722410,SUNCOR ENERGY INC NEW; COM NONE; CONS,SU,29139,SUNCOR ENERGY INC NEW,2025-02-28,38.280000,2025-02-28
80070,86722410,SUNCOR ENERGY INC NEW; COM NONE; CONS,SU,29139,SUNCOR ENERGY INC NEW,2025-03-31,38.720000,2025-03-31
80070,86722410,SUNCOR ENERGY INC NEW; COM NONE; CONS,SU,29139,SUNCOR ENERGY INC NEW,2025-04-30,35.290000,2025-04-30
80070,86722410,SUNCOR ENERGY INC NEW; COM NONE; CONS,SU,29139,SUNCOR ENERGY INC NEW,2025-05-30,35.550000,2025-05-30
80070,86722410,SUNCOR ENERGY INC NEW; COM NONE; CONS,SU,29139,SUNCOR ENERGY INC NEW,2025-06-30,37.450000,2025-06-30
80070,86722410,SUNCOR ENERGY INC NEW; COM NONE; CONS,SU,29139,SUNCOR ENERGY INC NEW,2025-07-31,39.460000,2025-07-31
80070,86722410,SUNCOR ENERGY INC NEW; COM NONE; CONS,SU,29139,SUNCOR ENERGY INC NEW,2025-08-29,41.300000,2025-08-29
80070,86722410,SUNCOR ENERGY INC NEW; COM NONE; CONS,SU,29139,SUNCOR ENERGY INC NEW,2025-09-30,41.810000,2025-09-30
80070,86722410,SUNCOR ENERGY INC NEW; COM NONE; CONS,SU,29139,SUNCOR ENERGY INC NEW,2025-10-31,39.810000,2025-10-31
80070,86722410,SUNCOR ENERGY INC NEW; COM NONE; CONS,SU,29139,SUNCOR ENERGY INC NEW,2025-11-28,44.780000,2025-11-28
80070,86722410,SUNCOR ENERGY INC NEW; COM NONE; CONS,SU,29139,SUNCOR ENERGY INC NEW,2025-12-31,44.360000,2025-12-31
82654,78008710,ROYAL BANK CANADA MONTREAL QUE; COM NONE; CONS,RY,29151,ROYAL BANK CANADA MONTREAL QUE,2020-01-31,78.960000,2020-01-31
82654,78008710,ROYAL BANK CANADA MONTREAL QUE; COM NONE; CONS,RY,29151,ROYAL BANK CANADA MONTREAL QUE,2020-02-28,74.470000,2020-02-28
82654,78008710,ROYAL BANK CANADA MONTREAL QUE; COM NONE; CONS,RY,29151,ROYAL BANK CANADA MONTREAL QUE,2020-03-31,61.550000,2020-03-31
82654,78008710,ROYAL BANK CANADA MONTREAL QUE; COM NONE; CONS,RY,29151,ROYAL BANK CANADA MONTREAL QUE,2020-04-30,61.590000,2020-04-30
82654,78008710,ROYAL BANK CANADA MONTREAL QUE; COM NONE; CONS,RY,29151,ROYAL BANK CANADA MONTREAL QUE,2020-05-29,64.850000,2020-05-29
82654,78008710,ROYAL BANK CANADA MONTREAL QUE; COM NONE; CONS,RY,29151,ROYAL BANK CANADA MONTREAL QUE,2020-06-30,67.800000,2020-06-30
82654,78008710,ROYAL BANK CANADA MONTREAL QUE; COM NONE; CONS,RY,29151,ROYAL BANK CANADA MONTREAL QUE,2020-07-31,69.090000,2020-07-31
82654,78008710,ROYAL BANK CANADA MONTREAL QUE; COM NONE; CONS,RY,29151,ROYAL BANK CANADA MONTREAL QUE,2020-08-31,76.120000,2020-08-31
82654,78008710,ROYAL BANK CANADA MONTREAL QUE; COM NONE; CONS,RY,29151,ROYAL BANK CANADA MONTREAL QUE,2020-09-30,70.140000,2020-09-30
82654,78008710,ROYAL BANK CANADA MONTREAL QUE; COM NONE; CONS,RY,29151,ROYAL BANK CANADA MONTREAL QUE,2020-10-30,69.990000,2020-10-30
82654,78008710,ROYAL BANK CANADA MONTREAL QUE; COM NONE; CONS,RY,29151,ROYAL BANK CANADA MONTREAL QUE,2020-11-30,81.980000,2020-11-30
82654,78008710,ROYAL BANK CANADA MONTREAL QUE; COM NONE; CONS,RY,29151,ROYAL BANK CANADA MONTREAL QUE,2020-12-31,82.060000,2020-12-31
82654,78008710,ROYAL BANK CANADA MONTREAL QUE; COM NONE; CONS,RY,29151,ROYAL BANK CANADA MONTREAL QUE,2021-01-29,80.870000,2021-01-29
82654,78008710,ROYAL BANK CANADA MONTREAL QUE; COM NONE; CONS,RY,29151,ROYAL BANK CANADA MONTREAL QUE,2021-02-26,85.090000,2021-02-26
82654,78008710,ROYAL BANK CANADA MONTREAL QUE; COM NONE; CONS,RY,29151,ROYAL BANK CANADA MONTREAL QUE,2021-03-31,92.210000,2021-03-31
82654,78008710,ROYAL BANK CANADA MONTREAL QUE; COM NONE; CONS,RY,29151,ROYAL BANK CANADA MONTREAL QUE,2021-04-30,95.400000,2021-04-30
82654,78008710,ROYAL BANK CANADA MONTREAL QUE; COM NONE; CONS,RY,29151,ROYAL BANK CANADA MONTREAL QUE,2021-05-28,103.990000,2021-05-28
82654,78008710,ROYAL BANK CANADA MONTREAL QUE; COM NONE; CONS,RY,29151,ROYAL BANK CANADA MONTREAL QUE,2021-06-30,101.310000,2021-06-30
82654,78008710,ROYAL BANK CANADA MONTREAL QUE; COM NONE; CONS,RY,29151,ROYAL BANK CANADA MONTREAL QUE,2021-07-30,101.140000,2021-07-30
82654,78008710,ROYAL BANK CANADA MONTREAL QUE; COM NONE; CONS,RY,29151,ROYAL BANK CANADA MONTREAL QUE,2021-08-31,102.760000,2021-08-31
82654,78008710,ROYAL BANK CANADA MONTREAL QUE; COM NONE; CONS,RY,29151,ROYAL BANK CANADA MONTREAL QUE,2021-09-30,99.480000,2021-09-30
82654,78008710,ROYAL BANK CANADA MONTREAL QUE; COM NONE; CONS,RY,29151,ROYAL BANK CANADA MONTREAL QUE,2021-10-29,104.010000,2021-10-29
82654,78008710,ROYAL BANK CANADA MONTREAL QUE; COM NONE; CONS,RY,29151,ROYAL BANK CANADA MONTREAL QUE,2021-11-30,99.030000,2021-11-30
82654,78008710,ROYAL BANK CANADA MONTREAL QUE; COM NONE; CONS,RY,29151,ROYAL BANK CANADA MONTREAL QUE,2021-12-31,106.140000,2021-12-31
82654,78008710,ROYAL BANK CANADA MONTREAL QUE; COM NONE; CONS,RY,29151,ROYAL BANK CANADA MONTREAL QUE,2022-01-31,114.040000,2022-01-31
82654,78008710,ROYAL BANK CANADA MONTREAL QUE; COM NONE; CONS,RY,29151,ROYAL BANK CANADA MONTREAL QUE,2022-02-28,110.420000,2022-02-28
82654,78008710,ROYAL BANK CANADA MONTREAL QUE; COM NONE; CONS,RY,29151,ROYAL BANK CANADA MONTREAL QUE,2022-03-31,110.270000,2022-03-31
82654,78008710,ROYAL BANK CANADA MONTREAL QUE; COM NONE; CONS,RY,29151,ROYAL BANK CANADA MONTREAL QUE,2022-04-29,101.030000,2022-04-29
82654,78008710,ROYAL BANK CANADA MONTREAL QUE; COM NONE; CONS,RY,29151,ROYAL BANK CANADA MONTREAL QUE,2022-05-31,104.480000,2022-05-31
82654,78008710,ROYAL BANK CANADA MONTREAL QUE; COM NONE; CONS,RY,29151,ROYAL BANK CANADA MONTREAL QUE,2022-06-30,96.820000,2022-06-30
82654,78008710,ROYAL BANK CANADA MONTREAL QUE; COM NONE; CONS,RY,29151,ROYAL BANK CANADA MONTREAL QUE,2022-07-29,97.510000,2022-07-29
82654,78008710,ROYAL BANK CANADA MONTREAL QUE; COM NONE; CONS,RY,29151,ROYAL BANK CANADA MONTREAL QUE,2022-08-31,93.040000,2022-08-31
82654,78008710,ROYAL BANK CANADA MONTREAL QUE; COM NONE; CONS,RY,29151,ROYAL BANK CANADA MONTREAL QUE,2022-09-30,90.040000,2022-09-30
82654,78008710,ROYAL BANK CANADA MONTREAL QUE; COM NONE; CONS,RY,29151,ROYAL BANK CANADA MONTREAL QUE,2022-10-31,92.470000,2022-10-31
82654,78008710,ROYAL BANK CANADA MONTREAL QUE; COM NONE; CONS,RY,29151,ROYAL BANK CANADA MONTREAL QUE,2022-11-30,99.780000,2022-11-30
82654,78008710,ROYAL BANK CANADA MONTREAL QUE; COM NONE; CONS,RY,29151,ROYAL BANK CANADA MONTREAL QUE,2022-12-30,94.020000,2022-12-30
82654,78008710,ROYAL BANK CANADA MONTREAL QUE; COM NONE; CONS,RY,29151,ROYAL BANK CANADA MONTREAL QUE,2023-01-31,102.360000,2023-01-31
82654,78008710,ROYAL BANK CANADA MONTREAL QUE; COM NONE; CONS,RY,29151,ROYAL BANK CANADA MONTREAL QUE,2023-02-28,101.480000,2023-02-28
82654,78008710,ROYAL BANK CANADA MONTREAL QUE; COM NONE; CONS,RY,29151,ROYAL BANK CANADA MONTREAL QUE,2023-03-31,95.580000,2023-03-31
82654,78008710,ROYAL BANK CANADA MONTREAL QUE; COM NONE; CONS,RY,29151,ROYAL BANK CANADA MONTREAL QUE,2023-04-28,99.310000,2023-04-28
82654,78008710,ROYAL BANK CANADA MONTREAL QUE; COM NONE; CONS,RY,29151,ROYAL BANK CANADA MONTREAL QUE,2023-05-31,89.480000,2023-05-31
82654,78008710,ROYAL BANK CANADA MONTREAL QUE; COM NONE; CONS,RY,29151,ROYAL BANK CANADA MONTREAL QUE,2023-06-30,95.510000,2023-06-30
82654,78008710,ROYAL BANK CANADA MONTREAL QUE; COM NONE; CONS,RY,29151,ROYAL BANK CANADA MONTREAL QUE,2023-07-31,99.130000,2023-07-31
82654,78008710,ROYAL BANK CANADA MONTREAL QUE; COM NONE; CONS,RY,29151,ROYAL BANK CANADA MONTREAL QUE,2023-08-31,90.100000,2023-08-31
82654,78008710,ROYAL BANK CANADA MONTREAL QUE; COM NONE; CONS,RY,29151,ROYAL BANK CANADA MONTREAL QUE,2023-09-29,87.440000,2023-09-29
82654,78008710,ROYAL BANK CANADA MONTREAL QUE; COM NONE; CONS,RY,29151,ROYAL BANK CANADA MONTREAL QUE,2023-10-31,79.880000,2023-10-31
82654,78008710,ROYAL BANK CANADA MONTREAL QUE; COM NONE; CONS,RY,29151,ROYAL BANK CANADA MONTREAL QUE,2023-11-30,90.400000,2023-11-30
82654,78008710,ROYAL BANK CANADA MONTREAL QUE; COM NONE; CONS,RY,29151,ROYAL BANK CANADA MONTREAL QUE,2023-12-29,101.130000,2023-12-29
82654,78008710,ROYAL BANK CANADA MONTREAL QUE; COM NONE; CONS,RY,29151,ROYAL BANK CANADA MONTREAL QUE,2024-01-31,97.610000,2024-01-31
82654,78008710,ROYAL BANK CANADA MONTREAL QUE; COM NONE; CONS,RY,29151,ROYAL BANK CANADA MONTREAL QUE,2024-02-29,97.080000,2024-02-29
82654,78008710,ROYAL BANK CANADA MONTREAL QUE; COM NONE; CONS,RY,29151,ROYAL BANK CANADA MONTREAL QUE,2024-03-28,100.880000,2024-03-28
82654,78008710,ROYAL BANK CANADA MONTREAL QUE; COM NONE; CONS,RY,29151,ROYAL BANK CANADA MONTREAL QUE,2024-04-30,96.830000,2024-04-30
82654,78008710,ROYAL BANK CANADA MONTREAL QUE; COM NONE; CONS,RY,29151,ROYAL BANK CANADA MONTREAL QUE,2024-05-31,109.270000,2024-05-31
82654,78008710,ROYAL BANK CANADA MONTREAL QUE; COM NONE; CONS,RY,29151,ROYAL BANK CANADA MONTREAL QUE,2024-06-28,106.380000,2024-06-28
82654,78008710,ROYAL BANK CANADA MONTREAL QUE; COM NONE; CONS,RY,29151,ROYAL BANK CANADA MONTREAL QUE,2024-07-31,111.740000,2024-07-31
82654,78008710,ROYAL BANK CANADA MONTREAL QUE; COM NONE; CONS,RY,29151,ROYAL BANK CANADA MONTREAL QUE,2024-08-30,120.780000,2024-08-30
82654,78008710,ROYAL BANK CANADA MONTREAL QUE; COM NONE; CONS,RY,29151,ROYAL BANK CANADA MONTREAL QUE,2024-09-30,124.730000,2024-09-30
82654,78008710,ROYAL BANK CANADA MONTREAL QUE; COM NONE; CONS,RY,29151,ROYAL BANK CANADA MONTREAL QUE,2024-10-31,120.890000,2024-10-31
82654,78008710,ROYAL BANK CANADA MONTREAL QUE; COM NONE; CONS,RY,29151,ROYAL BANK CANADA MONTREAL QUE,2024-11-29,125.670000,2024-11-29
82654,78008710,ROYAL BANK CANADA MONTREAL QUE; COM NONE; CONS,RY,29151,ROYAL BANK CANADA MONTREAL QUE,2024-12-31,120.510000,2024-12-31
82654,78008710,ROYAL BANK CANADA MONTREAL QUE; COM NONE; CONS,RY,29151,ROYAL BANK CANADA MONTREAL QUE,2025-01-31,121.930000,2025-01-31
82654,78008710,ROYAL BANK CANADA MONTREAL QUE; COM NONE; CONS,RY,29151,ROYAL BANK CANADA MONTREAL QUE,2025-02-28,118.170000,2025-02-28
82654,78008710,ROYAL BANK CANADA MONTREAL QUE; COM NONE; CONS,RY,29151,ROYAL BANK CANADA MONTREAL QUE,2025-03-31,112.720000,2025-03-31
82654,78008710,ROYAL BANK CANADA MONTREAL QUE; COM NONE; CONS,RY,29151,ROYAL BANK CANADA MONTREAL QUE,2025-04-30,119.880000,2025-04-30
82654,78008710,ROYAL BANK CANADA MONTREAL QUE; COM NONE; CONS,RY,29151,ROYAL BANK CANADA MONTREAL QUE,2025-05-30,126.660000,2025-05-30
82654,78008710,ROYAL BANK CANADA MONTREAL QUE; COM NONE; CONS,RY,29151,ROYAL BANK CANADA MONTREAL QUE,2025-06-30,131.550000,2025-06-30
82654,78008710,ROYAL BANK CANADA MONTREAL QUE; COM NONE; CONS,RY,29151,ROYAL BANK CANADA MONTREAL QUE,2025-07-31,128.460000,2025-07-31
82654,78008710,ROYAL BANK CANADA MONTREAL QUE; COM NONE; CONS,RY,29151,ROYAL BANK CANADA MONTREAL QUE,2025-08-29,145.360000,2025-08-29
82654,78008710,ROYAL BANK CANADA MONTREAL QUE; COM NONE; CONS,RY,29151,ROYAL BANK CANADA MONTREAL QUE,2025-09-30,147.320000,2025-09-30
82654,78008710,ROYAL BANK CANADA MONTREAL QUE; COM NONE; CONS,RY,29151,ROYAL BANK CANADA MONTREAL QUE,2025-10-31,146.500000,2025-10-31
82654,78008710,ROYAL BANK CANADA MONTREAL QUE; COM NONE; CONS,RY,29151,ROYAL BANK CANADA MONTREAL QUE,2025-11-28,154.090000,2025-11-28
82654,78008710,ROYAL BANK CANADA MONTREAL QUE; COM NONE; CONS,RY,29151,ROYAL BANK CANADA MONTREAL QUE,2025-12-31,170.490000,2025-12-31
87212,56501R10,MANULIFE FINANCIAL CORP; COM NONE; CONS,MFC,35276,MANULIFE FINANCIAL CORP,2020-01-31,19.470000,2020-01-31
87212,56501R10,MANULIFE FINANCIAL CORP; COM NONE; CONS,MFC,35276,MANULIFE FINANCIAL CORP,2020-02-28,16.840000,2020-02-28
87212,56501R10,MANULIFE FINANCIAL CORP; COM NONE; CONS,MFC,35276,MANULIFE FINANCIAL CORP,2020-03-31,12.540000,2020-03-31
87212,56501R10,MANULIFE FINANCIAL CORP; COM NONE; CONS,MFC,35276,MANULIFE FINANCIAL CORP,2020-04-30,12.600000,2020-04-30
87212,56501R10,MANULIFE FINANCIAL CORP; COM NONE; CONS,MFC,35276,MANULIFE FINANCIAL CORP,2020-05-29,12.410000,2020-05-29
87212,56501R10,MANULIFE FINANCIAL CORP; COM NONE; CONS,MFC,35276,MANULIFE FINANCIAL CORP,2020-06-30,13.620000,2020-06-30
87212,56501R10,MANULIFE FINANCIAL CORP; COM NONE; CONS,MFC,35276,MANULIFE FINANCIAL CORP,2020-07-31,13.420000,2020-07-31
87212,56501R10,MANULIFE FINANCIAL CORP; COM NONE; CONS,MFC,35276,MANULIFE FINANCIAL CORP,2020-08-31,14.750000,2020-08-31
87212,56501R10,MANULIFE FINANCIAL CORP; COM NONE; CONS,MFC,35276,MANULIFE FINANCIAL CORP,2020-09-30,13.910000,2020-09-30
87212,56501R10,MANULIFE FINANCIAL CORP; COM NONE; CONS,MFC,35276,MANULIFE FINANCIAL CORP,2020-10-30,13.580000,2020-10-30
87212,56501R10,MANULIFE FINANCIAL CORP; COM NONE; CONS,MFC,35276,MANULIFE FINANCIAL CORP,2020-11-30,17.060000,2020-11-30
87212,56501R10,MANULIFE FINANCIAL CORP; COM NONE; CONS,MFC,35276,MANULIFE FINANCIAL CORP,2020-12-31,17.820000,2020-12-31
87212,56501R10,MANULIFE FINANCIAL CORP; COM NONE; CONS,MFC,35276,MANULIFE FINANCIAL CORP,2021-01-29,18.080000,2021-01-29
87212,56501R10,MANULIFE FINANCIAL CORP; COM NONE; CONS,MFC,35276,MANULIFE FINANCIAL CORP,2021-02-26,19.920000,2021-02-26
87212,56501R10,MANULIFE FINANCIAL CORP; COM NONE; CONS,MFC,35276,MANULIFE FINANCIAL CORP,2021-03-31,21.500000,2021-03-31
87212,56501R10,MANULIFE FINANCIAL CORP; COM NONE; CONS,MFC,35276,MANULIFE FINANCIAL CORP,2021-04-30,21.850000,2021-04-30
87212,56501R10,MANULIFE FINANCIAL CORP; COM NONE; CONS,MFC,35276,MANULIFE FINANCIAL CORP,2021-05-28,20.900000,2021-05-28
87212,56501R10,MANULIFE FINANCIAL CORP; COM NONE; CONS,MFC,35276,MANULIFE FINANCIAL CORP,2021-06-30,19.700000,2021-06-30
87212,56501R10,MANULIFE FINANCIAL CORP; COM NONE; CONS,MFC,35276,MANULIFE FINANCIAL CORP,2021-07-30,19.330000,2021-07-30
87212,56501R10,MANULIFE FINANCIAL CORP; COM NONE; CONS,MFC,35276,MANULIFE FINANCIAL CORP,2021-08-31,19.480000,2021-08-31
87212,56501R10,MANULIFE FINANCIAL CORP; COM NONE; CONS,MFC,35276,MANULIFE FINANCIAL CORP,2021-09-30,19.240000,2021-09-30
87212,56501R10,MANULIFE FINANCIAL CORP; COM NONE; CONS,MFC,35276,MANULIFE FINANCIAL CORP,2021-10-29,19.490000,2021-10-29
87212,56501R10,MANULIFE FINANCIAL CORP; COM NONE; CONS,MFC,35276,MANULIFE FINANCIAL CORP,2021-11-30,17.950000,2021-11-30
87212,56501R10,MANULIFE FINANCIAL CORP; COM NONE; CONS,MFC,35276,MANULIFE FINANCIAL CORP,2021-12-31,19.070000,2021-12-31
87212,56501R10,MANULIFE FINANCIAL CORP; COM NONE; CONS,MFC,35276,MANULIFE FINANCIAL CORP,2022-01-31,20.820000,2022-01-31
87212,56501R10,MANULIFE FINANCIAL CORP; COM NONE; CONS,MFC,35276,MANULIFE FINANCIAL CORP,2022-02-28,20.260000,2022-02-28
87212,56501R10,MANULIFE FINANCIAL CORP; COM NONE; CONS,MFC,35276,MANULIFE FINANCIAL CORP,2022-03-31,21.350000,2022-03-31
87212,56501R10,MANULIFE FINANCIAL CORP; COM NONE; CONS,MFC,35276,MANULIFE FINANCIAL CORP,2022-04-29,19.560000,2022-04-29
87212,56501R10,MANULIFE FINANCIAL CORP; COM NONE; CONS,MFC,35276,MANULIFE FINANCIAL CORP,2022-05-31,18.530000,2022-05-31
87212,56501R10,MANULIFE FINANCIAL CORP; COM NONE; CONS,MFC,35276,MANULIFE FINANCIAL CORP,2022-06-30,17.330000,2022-06-30
87212,56501R10,MANULIFE FINANCIAL CORP; COM NONE; CONS,MFC,35276,MANULIFE FINANCIAL CORP,2022-07-29,18.320000,2022-07-29
87212,56501R10,MANULIFE FINANCIAL CORP; COM NONE; CONS,MFC,35276,MANULIFE FINANCIAL CORP,2022-08-31,17.290000,2022-08-31
87212,56501R10,MANULIFE FINANCIAL CORP; COM NONE; CONS,MFC,35276,MANULIFE FINANCIAL CORP,2022-09-30,15.670000,2022-09-30
87212,56501R10,MANULIFE FINANCIAL CORP; COM NONE; CONS,MFC,35276,MANULIFE FINANCIAL CORP,2022-10-31,16.550000,2022-10-31
87212,56501R10,MANULIFE FINANCIAL CORP; COM NONE; CONS,MFC,35276,MANULIFE FINANCIAL CORP,2022-11-30,18.030000,2022-11-30
87212,56501R10,MANULIFE FINANCIAL CORP; COM NONE; CONS,MFC,35276,MANULIFE FINANCIAL CORP,2022-12-30,17.840000,2022-12-30
87212,56501R10,MANULIFE FINANCIAL CORP; COM NONE; CONS,MFC,35276,MANULIFE FINANCIAL CORP,2023-01-31,19.800000,2023-01-31
87212,56501R10,MANULIFE FINANCIAL CORP; COM NONE; CONS,MFC,35276,MANULIFE FINANCIAL CORP,2023-02-28,19.760000,2023-02-28
87212,56501R10,MANULIFE FINANCIAL CORP; COM NONE; CONS,MFC,35276,MANULIFE FINANCIAL CORP,2023-03-31,18.360000,2023-03-31
87212,56501R10,MANULIFE FINANCIAL CORP; COM NONE; CONS,MFC,35276,MANULIFE FINANCIAL CORP,2023-04-28,19.750000,2023-04-28
87212,56501R10,MANULIFE FINANCIAL CORP; COM NONE; CONS,MFC,35276,MANULIFE FINANCIAL CORP,2023-05-31,18.520000,2023-05-31
87212,56501R10,MANULIFE FINANCIAL CORP; COM NONE; CONS,MFC,35276,MANULIFE FINANCIAL CORP,2023-06-30,18.910000,2023-06-30
87212,56501R10,MANULIFE FINANCIAL CORP; COM NONE; CONS,MFC,35276,MANULIFE FINANCIAL CORP,2023-07-31,20.000000,2023-07-31
87212,56501R10,MANULIFE FINANCIAL CORP; COM NONE; CONS,MFC,35276,MANULIFE FINANCIAL CORP,2023-08-31,18.480000,2023-08-31
87212,56501R10,MANULIFE FINANCIAL CORP; COM NONE; CONS,MFC,35276,MANULIFE FINANCIAL CORP,2023-09-29,18.280000,2023-09-29
87212,56501R10,MANULIFE FINANCIAL CORP; COM NONE; CONS,MFC,35276,MANULIFE FINANCIAL CORP,2023-10-31,17.420000,2023-10-31
87212,56501R10,MANULIFE FINANCIAL CORP; COM NONE; CONS,MFC,35276,MANULIFE FINANCIAL CORP,2023-11-30,19.590000,2023-11-30
87212,56501R10,MANULIFE FINANCIAL CORP; COM NONE; CONS,MFC,35276,MANULIFE FINANCIAL CORP,2023-12-29,22.100000,2023-12-29
87212,56501R10,MANULIFE FINANCIAL CORP; COM NONE; CONS,MFC,35276,MANULIFE FINANCIAL CORP,2024-01-31,22.110000,2024-01-31
87212,56501R10,MANULIFE FINANCIAL CORP; COM NONE; CONS,MFC,35276,MANULIFE FINANCIAL CORP,2024-02-29,23.740000,2024-02-29
87212,56501R10,MANULIFE FINANCIAL CORP; COM NONE; CONS,MFC,35276,MANULIFE FINANCIAL CORP,2024-03-28,24.990000,2024-03-28
87212,56501R10,MANULIFE FINANCIAL CORP; COM NONE; CONS,MFC,35276,MANULIFE FINANCIAL CORP,2024-04-30,23.320000,2024-04-30
87212,56501R10,MANULIFE FINANCIAL CORP; COM NONE; CONS,MFC,35276,MANULIFE FINANCIAL CORP,2024-05-31,25.960000,2024-05-31
87212,56501R10,MANULIFE FINANCIAL CORP; COM NONE; CONS,MFC,35276,MANULIFE FINANCIAL CORP,2024-06-28,26.620000,2024-06-28
87212,56501R10,MANULIFE FINANCIAL CORP; COM NONE; CONS,MFC,35276,MANULIFE FINANCIAL CORP,2024-07-31,26.630000,2024-07-31
87212,56501R10,MANULIFE FINANCIAL CORP; COM NONE; CONS,MFC,35276,MANULIFE FINANCIAL CORP,2024-08-30,27.610000,2024-08-30
87212,56501R10,MANULIFE FINANCIAL CORP; COM NONE; CONS,MFC,35276,MANULIFE FINANCIAL CORP,2024-09-30,29.550000,2024-09-30
87212,56501R10,MANULIFE FINANCIAL CORP; COM NONE; CONS,MFC,35276,MANULIFE FINANCIAL CORP,2024-10-31,29.210000,2024-10-31
87212,56501R10,MANULIFE FINANCIAL CORP; COM NONE; CONS,MFC,35276,MANULIFE FINANCIAL CORP,2024-11-29,32.130000,2024-11-29
87212,56501R10,MANULIFE FINANCIAL CORP; COM NONE; CONS,MFC,35276,MANULIFE FINANCIAL CORP,2024-12-31,30.710000,2024-12-31
87212,56501R10,MANULIFE FINANCIAL CORP; COM NONE; CONS,MFC,35276,MANULIFE FINANCIAL CORP,2025-01-31,29.910000,2025-01-31
87212,56501R10,MANULIFE FINANCIAL CORP; COM NONE; CONS,MFC,35276,MANULIFE FINANCIAL CORP,2025-02-28,31.160000,2025-02-28
87212,56501R10,MANULIFE FINANCIAL CORP; COM NONE; CONS,MFC,35276,MANULIFE FINANCIAL CORP,2025-03-31,31.150000,2025-03-31
87212,56501R10,MANULIFE FINANCIAL CORP; COM NONE; CONS,MFC,35276,MANULIFE FINANCIAL CORP,2025-04-30,30.620000,2025-04-30
87212,56501R10,MANULIFE FINANCIAL CORP; COM NONE; CONS,MFC,35276,MANULIFE FINANCIAL CORP,2025-05-30,31.840000,2025-05-30
87212,56501R10,MANULIFE FINANCIAL CORP; COM NONE; CONS,MFC,35276,MANULIFE FINANCIAL CORP,2025-06-30,31.960000,2025-06-30
87212,56501R10,MANULIFE FINANCIAL CORP; COM NONE; CONS,MFC,35276,MANULIFE FINANCIAL CORP,2025-07-31,30.960000,2025-07-31
87212,56501R10,MANULIFE FINANCIAL CORP; COM NONE; CONS,MFC,35276,MANULIFE FINANCIAL CORP,2025-08-29,30.750000,2025-08-29
87212,56501R10,MANULIFE FINANCIAL CORP; COM NONE; CONS,MFC,35276,MANULIFE FINANCIAL CORP,2025-09-30,31.150000,2025-09-30
87212,56501R10,MANULIFE FINANCIAL CORP; COM NONE; CONS,MFC,35276,MANULIFE FINANCIAL CORP,2025-10-31,32.370000,2025-10-31
87212,56501R10,MANULIFE FINANCIAL CORP; COM NONE; CONS,MFC,35276,MANULIFE FINANCIAL CORP,2025-11-28,35.210000,2025-11-28
87212,56501R10,MANULIFE FINANCIAL CORP; COM NONE; CONS,MFC,35276,MANULIFE FINANCIAL CORP,2025-12-31,36.280000,2025-12-31
