PERMNO,HdrCUSIP,Ticker,PERMCO,MthCalDt,MthPrc
10107,59491810,MSFT,8048,2020-01-31,170.230000
10107,59491810,MSFT,8048,2020-02-28,162.010000
10107,59491810,MSFT,8048,2020-03-31,157.710000
10107,59491810,MSFT,8048,2020-04-30,179.210000
10107,59491810,MSFT,8048,2020-05-29,183.250000
10107,59491810,MSFT,8048,2020-06-30,203.510000
10107,59491810,MSFT,8048,2020-07-31,205.010000
10107,59491810,MSFT,8048,2020-08-31,225.530000
10107,59491810,MSFT,8048,2020-09-30,210.330000
10107,59491810,MSFT,8048,2020-10-30,202.470000
10107,59491810,MSFT,8048,2020-11-30,214.070000
10107,59491810,MSFT,8048,2020-12-31,222.420000
10107,59491810,MSFT,8048,2021-01-29,231.960000
10107,59491810,MSFT,8048,2021-02-26,232.380000
10107,59491810,MSFT,8048,2021-03-31,235.770000
10107,59491810,MSFT,8048,2021-04-30,252.180000
10107,59491810,MSFT,8048,2021-05-28,249.680000
10107,59491810,MSFT,8048,2021-06-30,270.900000
10107,59491810,MSFT,8048,2021-07-30,284.910000
10107,59491810,MSFT,8048,2021-08-31,301.880000
10107,59491810,MSFT,8048,2021-09-30,281.920000
10107,59491810,MSFT,8048,2021-10-29,331.620000
10107,59491810,MSFT,8048,2021-11-30,330.590000
10107,59491810,MSFT,8048,2021-12-31,336.320000
10107,59491810,MSFT,8048,2022-01-31,310.980000
10107,59491810,MSFT,8048,2022-02-28,298.790000
10107,59491810,MSFT,8048,2022-03-31,308.310000
10107,59491810,MSFT,8048,2022-04-29,277.520000
10107,59491810,MSFT,8048,2022-05-31,271.870000
10107,59491810,MSFT,8048,2022-06-30,256.830000
10107,59491810,MSFT,8048,2022-07-29,280.740000
10107,59491810,MSFT,8048,2022-08-31,261.470000
10107,59491810,MSFT,8048,2022-09-30,232.900000
10107,59491810,MSFT,8048,2022-10-31,232.130000
10107,59491810,MSFT,8048,2022-11-30,255.140000
10107,59491810,MSFT,8048,2022-12-30,239.820000
10107,59491810,MSFT,8048,2023-01-31,247.810000
10107,59491810,MSFT,8048,2023-02-28,249.420000
10107,59491810,MSFT,8048,2023-03-31,288.300000
10107,59491810,MSFT,8048,2023-04-28,307.260000
10107,59491810,MSFT,8048,2023-05-31,328.390000
10107,59491810,MSFT,8048,2023-06-30,340.540000
10107,59491810,MSFT,8048,2023-07-31,335.920000
10107,59491810,MSFT,8048,2023-08-31,327.760000
10107,59491810,MSFT,8048,2023-09-29,315.750000
10107,59491810,MSFT,8048,2023-10-31,338.110000
10107,59491810,MSFT,8048,2023-11-30,378.910000
10107,59491810,MSFT,8048,2023-12-29,376.040000
10107,59491810,MSFT,8048,2024-01-31,397.580000
10107,59491810,MSFT,8048,2024-02-29,413.640000
10107,59491810,MSFT,8048,2024-03-28,420.720000
10107,59491810,MSFT,8048,2024-04-30,389.330000
10107,59491810,MSFT,8048,2024-05-31,415.130000
10107,59491810,MSFT,8048,2024-06-28,446.950000
10107,59491810,MSFT,8048,2024-07-31,418.350000
10107,59491810,MSFT,8048,2024-08-30,417.140000
10107,59491810,MSFT,8048,2024-09-30,430.300000
10107,59491810,MSFT,8048,2024-10-31,406.350000
10107,59491810,MSFT,8048,2024-11-29,423.460000
10107,59491810,MSFT,8048,2024-12-31,421.500000
10107,59491810,MSFT,8048,2025-01-31,415.060000
10107,59491810,MSFT,8048,2025-02-28,396.990000
10107,59491810,MSFT,8048,2025-03-31,375.390000
10107,59491810,MSFT,8048,2025-04-30,395.260000
10107,59491810,MSFT,8048,2025-05-30,460.360000
10107,59491810,MSFT,8048,2025-06-30,497.410000
10107,59491810,MSFT,8048,2025-07-31,533.500000
10107,59491810,MSFT,8048,2025-08-29,506.690000
10107,59491810,MSFT,8048,2025-09-30,517.950000
10107,59491810,MSFT,8048,2025-10-31,517.810000
10107,59491810,MSFT,8048,2025-11-28,492.010000
10107,59491810,MSFT,8048,2025-12-31,483.620000
15358,82509L10,SHOP,55259,2020-01-31,465.660000
15358,82509L10,SHOP,55259,2020-02-28,463.310000
15358,82509L10,SHOP,55259,2020-03-31,416.930000
15358,82509L10,SHOP,55259,2020-04-30,632.290000
15358,82509L10,SHOP,55259,2020-05-29,757.800000
15358,82509L10,SHOP,55259,2020-06-30,949.200000
15358,82509L10,SHOP,55259,2020-07-31,1024.000000
15358,82509L10,SHOP,55259,2020-08-31,1066.420000
15358,82509L10,SHOP,55259,2020-09-30,1022.970000
15358,82509L10,SHOP,55259,2020-10-30,925.430000
15358,82509L10,SHOP,55259,2020-11-30,1090.380000
15358,82509L10,SHOP,55259,2020-12-31,1131.950000
15358,82509L10,SHOP,55259,2021-01-29,1098.590000
15358,82509L10,SHOP,55259,2021-02-26,1280.970000
15358,82509L10,SHOP,55259,2021-03-31,1106.500000
15358,82509L10,SHOP,55259,2021-04-30,1182.510000
15358,82509L10,SHOP,55259,2021-05-28,1242.870000
15358,82509L10,SHOP,55259,2021-06-30,1460.980000
15358,82509L10,SHOP,55259,2021-07-30,1499.930000
15358,82509L10,SHOP,55259,2021-08-31,1524.780000
15358,82509L10,SHOP,55259,2021-09-30,1355.780000
15358,82509L10,SHOP,55259,2021-10-29,1466.730000
15358,82509L10,SHOP,55259,2021-11-30,1521.790000
15358,82509L10,SHOP,55259,2021-12-31,1377.390000
15358,82509L10,SHOP,55259,2022-01-31,964.240000
15358,82509L10,SHOP,55259,2022-02-28,694.260000
15358,82509L10,SHOP,55259,2022-03-31,675.960000
15358,82509L10,SHOP,55259,2022-04-29,426.820000
15358,82509L10,SHOP,55259,2022-05-31,375.120000
15358,82509L10,SHOP,55259,2022-06-30,31.240000
15358,82509L10,SHOP,55259,2022-07-29,34.830000
15358,82509L10,SHOP,55259,2022-08-31,31.650000
15358,82509L10,SHOP,55259,2022-09-30,26.940000
15358,82509L10,SHOP,55259,2022-10-31,34.230000
15358,82509L10,SHOP,55259,2022-11-30,40.880000
15358,82509L10,SHOP,55259,2022-12-30,34.710000
15358,82509L10,SHOP,55259,2023-01-31,49.270000
15358,82509L10,SHOP,55259,2023-02-28,41.140000
15358,82509L10,SHOP,55259,2023-03-31,47.940000
15358,82509L10,SHOP,55259,2023-04-28,48.450000
15358,82509L10,SHOP,55259,2023-05-31,57.190000
15358,82509L10,SHOP,55259,2023-06-30,64.600000
15358,82509L10,SHOP,55259,2023-07-31,67.580000
15358,82509L10,SHOP,55259,2023-08-31,66.490000
15358,82509L10,SHOP,55259,2023-09-29,54.570000
15358,82509L10,SHOP,55259,2023-10-31,47.190000
15358,82509L10,SHOP,55259,2023-11-30,72.820000
15358,82509L10,SHOP,55259,2023-12-29,77.900000
15358,82509L10,SHOP,55259,2024-01-31,80.070000
15358,82509L10,SHOP,55259,2024-02-29,76.370000
15358,82509L10,SHOP,55259,2024-03-28,77.170000
15358,82509L10,SHOP,55259,2024-04-30,70.200000
15358,82509L10,SHOP,55259,2024-05-31,59.150000
15358,82509L10,SHOP,55259,2024-06-28,66.050000
15358,82509L10,SHOP,55259,2024-07-31,61.200000
15358,82509L10,SHOP,55259,2024-08-30,74.070000
15358,82509L10,SHOP,55259,2024-09-30,80.140000
15358,82509L10,SHOP,55259,2024-10-31,78.210000
15358,82509L10,SHOP,55259,2024-11-29,115.600000
15358,82509L10,SHOP,55259,2024-12-31,106.330000
15358,82509L10,SHOP,55259,2025-01-31,116.800000
15358,82509L10,SHOP,55259,2025-02-28,112.000000
15358,82509L10,SHOP,55259,2025-03-31,95.480000
15358,82509L10,SHOP,55259,2025-04-30,95.000000
15358,82509L10,SHOP,55259,2025-05-30,107.220000
15358,82509L10,SHOP,55259,2025-06-30,115.350000
15358,82509L10,SHOP,55259,2025-07-31,122.210000
15358,82509L10,SHOP,55259,2025-08-29,141.280000
15358,82509L10,SHOP,55259,2025-09-30,148.610000
15358,82509L10,SHOP,55259,2025-10-31,173.860000
15358,82509L10,SHOP,55259,2025-11-28,158.640000
15358,82509L10,SHOP,55259,2025-12-31,160.970000
76932,29250N10,ENB,2381,2020-01-31,40.670000
76932,29250N10,ENB,2381,2020-02-28,37.430000
76932,29250N10,ENB,2381,2020-03-31,29.090000
76932,29250N10,ENB,2381,2020-04-30,30.680000
76932,29250N10,ENB,2381,2020-05-29,32.450000
76932,29250N10,ENB,2381,2020-06-30,30.420000
76932,29250N10,ENB,2381,2020-07-31,32.000000
76932,29250N10,ENB,2381,2020-08-31,32.020000
76932,29250N10,ENB,2381,2020-09-30,29.200000
76932,29250N10,ENB,2381,2020-10-30,27.560000
76932,29250N10,ENB,2381,2020-11-30,31.210000
76932,29250N10,ENB,2381,2020-12-31,31.990000
76932,29250N10,ENB,2381,2021-01-29,33.600000
76932,29250N10,ENB,2381,2021-02-26,33.810000
76932,29250N10,ENB,2381,2021-03-31,36.400000
76932,29250N10,ENB,2381,2021-04-30,38.570000
76932,29250N10,ENB,2381,2021-05-28,38.480000
76932,29250N10,ENB,2381,2021-06-30,40.040000
76932,29250N10,ENB,2381,2021-07-30,39.350000
76932,29250N10,ENB,2381,2021-08-31,39.310000
76932,29250N10,ENB,2381,2021-09-30,39.800000
76932,29250N10,ENB,2381,2021-10-29,41.860000
76932,29250N10,ENB,2381,2021-11-30,37.540000
76932,29250N10,ENB,2381,2021-12-31,39.080000
76932,29250N10,ENB,2381,2022-01-31,42.270000
76932,29250N10,ENB,2381,2022-02-28,43.180000
76932,29250N10,ENB,2381,2022-03-31,46.090000
76932,29250N10,ENB,2381,2022-04-29,43.640000
76932,29250N10,ENB,2381,2022-05-31,46.150000
76932,29250N10,ENB,2381,2022-06-30,42.260000
76932,29250N10,ENB,2381,2022-07-29,44.930000
76932,29250N10,ENB,2381,2022-08-31,41.220000
76932,29250N10,ENB,2381,2022-09-30,37.100000
76932,29250N10,ENB,2381,2022-10-31,38.950000
76932,29250N10,ENB,2381,2022-11-30,41.290000
76932,29250N10,ENB,2381,2022-12-30,39.100000
76932,29250N10,ENB,2381,2023-01-31,40.970000
76932,29250N10,ENB,2381,2023-02-28,37.520000
76932,29250N10,ENB,2381,2023-03-31,38.150000
76932,29250N10,ENB,2381,2023-04-28,39.760000
76932,29250N10,ENB,2381,2023-05-31,35.200000
76932,29250N10,ENB,2381,2023-06-30,37.150000
76932,29250N10,ENB,2381,2023-07-31,36.800000
76932,29250N10,ENB,2381,2023-08-31,35.080000
76932,29250N10,ENB,2381,2023-09-29,33.190000
76932,29250N10,ENB,2381,2023-10-31,32.040000
76932,29250N10,ENB,2381,2023-11-30,34.870000
76932,29250N10,ENB,2381,2023-12-29,36.020000
76932,29250N10,ENB,2381,2024-01-31,35.500000
76932,29250N10,ENB,2381,2024-02-29,34.420000
76932,29250N10,ENB,2381,2024-03-28,36.180000
76932,29250N10,ENB,2381,2024-04-30,35.540000
76932,29250N10,ENB,2381,2024-05-31,36.580000
76932,29250N10,ENB,2381,2024-06-28,35.590000
76932,29250N10,ENB,2381,2024-07-31,37.420000
76932,29250N10,ENB,2381,2024-08-30,40.180000
76932,29250N10,ENB,2381,2024-09-30,40.610000
76932,29250N10,ENB,2381,2024-10-31,40.400000
76932,29250N10,ENB,2381,2024-11-29,43.380000
76932,29250N10,ENB,2381,2024-12-31,42.430000
76932,29250N10,ENB,2381,2025-01-31,43.240000
76932,29250N10,ENB,2381,2025-02-28,42.730000
76932,29250N10,ENB,2381,2025-03-31,44.310000
76932,29250N10,ENB,2381,2025-04-30,46.690000
76932,29250N10,ENB,2381,2025-05-30,46.480000
76932,29250N10,ENB,2381,2025-06-30,45.320000
76932,29250N10,ENB,2381,2025-07-31,45.290000
76932,29250N10,ENB,2381,2025-08-29,48.340000
76932,29250N10,ENB,2381,2025-09-30,50.460000
76932,29250N10,ENB,2381,2025-10-31,46.620000
76932,29250N10,ENB,2381,2025-11-28,48.780000
76932,29250N10,ENB,2381,2025-12-31,47.830000
80070,86722410,SU,29139,2020-01-31,30.590000
80070,86722410,SU,29139,2020-02-28,27.600000
80070,86722410,SU,29139,2020-03-31,15.800000
80070,86722410,SU,29139,2020-04-30,17.850000
80070,86722410,SU,29139,2020-05-29,17.120000
80070,86722410,SU,29139,2020-06-30,16.860000
80070,86722410,SU,29139,2020-07-31,15.760000
80070,86722410,SU,29139,2020-08-31,16.030000
80070,86722410,SU,29139,2020-09-30,12.230000
80070,86722410,SU,29139,2020-10-30,11.290000
80070,86722410,SU,29139,2020-11-30,16.090000
80070,86722410,SU,29139,2020-12-31,16.780000
80070,86722410,SU,29139,2021-01-29,16.730000
80070,86722410,SU,29139,2021-02-26,19.860000
80070,86722410,SU,29139,2021-03-31,20.900000
80070,86722410,SU,29139,2021-04-30,21.420000
80070,86722410,SU,29139,2021-05-28,23.100000
80070,86722410,SU,29139,2021-06-30,23.970000
80070,86722410,SU,29139,2021-07-30,19.630000
80070,86722410,SU,29139,2021-08-31,18.650000
80070,86722410,SU,29139,2021-09-30,20.740000
80070,86722410,SU,29139,2021-10-29,26.300000
80070,86722410,SU,29139,2021-11-30,24.350000
80070,86722410,SU,29139,2021-12-31,25.030000
80070,86722410,SU,29139,2022-01-31,28.570000
80070,86722410,SU,29139,2022-02-28,30.530000
80070,86722410,SU,29139,2022-03-31,32.590000
80070,86722410,SU,29139,2022-04-29,35.940000
80070,86722410,SU,29139,2022-05-31,40.380000
80070,86722410,SU,29139,2022-06-30,35.070000
80070,86722410,SU,29139,2022-07-29,33.940000
80070,86722410,SU,29139,2022-08-31,32.320000
80070,86722410,SU,29139,2022-09-30,28.150000
80070,86722410,SU,29139,2022-10-31,34.390000
80070,86722410,SU,29139,2022-11-30,32.870000
80070,86722410,SU,29139,2022-12-30,31.730000
80070,86722410,SU,29139,2023-01-31,34.720000
80070,86722410,SU,29139,2023-02-28,33.600000
80070,86722410,SU,29139,2023-03-31,31.050000
80070,86722410,SU,29139,2023-04-28,31.320000
80070,86722410,SU,29139,2023-05-31,28.000000
80070,86722410,SU,29139,2023-06-30,29.320000
80070,86722410,SU,29139,2023-07-31,31.290000
80070,86722410,SU,29139,2023-08-31,33.880000
80070,86722410,SU,29139,2023-09-29,34.380000
80070,86722410,SU,29139,2023-10-31,32.400000
80070,86722410,SU,29139,2023-11-30,32.990000
80070,86722410,SU,29139,2023-12-29,32.040000
80070,86722410,SU,29139,2024-01-31,33.120000
80070,86722410,SU,29139,2024-02-29,34.360000
80070,86722410,SU,29139,2024-03-28,36.910000
80070,86722410,SU,29139,2024-04-30,38.190000
80070,86722410,SU,29139,2024-05-31,40.820000
80070,86722410,SU,29139,2024-06-28,38.100000
80070,86722410,SU,29139,2024-07-31,39.920000
80070,86722410,SU,29139,2024-08-30,40.540000
80070,86722410,SU,29139,2024-09-30,36.920000
80070,86722410,SU,29139,2024-10-31,37.770000
80070,86722410,SU,29139,2024-11-29,39.480000
80070,86722410,SU,29139,2024-12-31,35.680000
80070,86722410,SU,29139,2025-01-31,37.560000
80070,86722410,SU,29139,2025-02-28,38.280000
80070,86722410,SU,29139,2025-03-31,38.720000
80070,86722410,SU,29139,2025-04-30,35.290000
80070,86722410,SU,29139,2025-05-30,35.550000
80070,86722410,SU,29139,2025-06-30,37.450000
80070,86722410,SU,29139,2025-07-31,39.460000
80070,86722410,SU,29139,2025-08-29,41.300000
80070,86722410,SU,29139,2025-09-30,41.810000
80070,86722410,SU,29139,2025-10-31,39.810000
80070,86722410,SU,29139,2025-11-28,44.780000
80070,86722410,SU,29139,2025-12-31,44.360000
82654,78008710,RY,29151,2020-01-31,78.960000
82654,78008710,RY,29151,2020-02-28,74.470000
82654,78008710,RY,29151,2020-03-31,61.550000
82654,78008710,RY,29151,2020-04-30,61.590000
82654,78008710,RY,29151,2020-05-29,64.850000
82654,78008710,RY,29151,2020-06-30,67.800000
82654,78008710,RY,29151,2020-07-31,69.090000
82654,78008710,RY,29151,2020-08-31,76.120000
82654,78008710,RY,29151,2020-09-30,70.140000
82654,78008710,RY,29151,2020-10-30,69.990000
82654,78008710,RY,29151,2020-11-30,81.980000
82654,78008710,RY,29151,2020-12-31,82.060000
82654,78008710,RY,29151,2021-01-29,80.870000
82654,78008710,RY,29151,2021-02-26,85.090000
82654,78008710,RY,29151,2021-03-31,92.210000
82654,78008710,RY,29151,2021-04-30,95.400000
82654,78008710,RY,29151,2021-05-28,103.990000
82654,78008710,RY,29151,2021-06-30,101.310000
82654,78008710,RY,29151,2021-07-30,101.140000
82654,78008710,RY,29151,2021-08-31,102.760000
82654,78008710,RY,29151,2021-09-30,99.480000
82654,78008710,RY,29151,2021-10-29,104.010000
82654,78008710,RY,29151,2021-11-30,99.030000
82654,78008710,RY,29151,2021-12-31,106.140000
82654,78008710,RY,29151,2022-01-31,114.040000
82654,78008710,RY,29151,2022-02-28,110.420000
82654,78008710,RY,29151,2022-03-31,110.270000
82654,78008710,RY,29151,2022-04-29,101.030000
82654,78008710,RY,29151,2022-05-31,104.480000
82654,78008710,RY,29151,2022-06-30,96.820000
82654,78008710,RY,29151,2022-07-29,97.510000
82654,78008710,RY,29151,2022-08-31,93.040000
82654,78008710,RY,29151,2022-09-30,90.040000
82654,78008710,RY,29151,2022-10-31,92.470000
82654,78008710,RY,29151,2022-11-30,99.780000
82654,78008710,RY,29151,2022-12-30,94.020000
82654,78008710,RY,29151,2023-01-31,102.360000
82654,78008710,RY,29151,2023-02-28,101.480000
82654,78008710,RY,29151,2023-03-31,95.580000
82654,78008710,RY,29151,2023-04-28,99.310000
82654,78008710,RY,29151,2023-05-31,89.480000
82654,78008710,RY,29151,2023-06-30,95.510000
82654,78008710,RY,29151,2023-07-31,99.130000
82654,78008710,RY,29151,2023-08-31,90.100000
82654,78008710,RY,29151,2023-09-29,87.440000
82654,78008710,RY,29151,2023-10-31,79.880000
82654,78008710,RY,29151,2023-11-30,90.400000
82654,78008710,RY,29151,2023-12-29,101.130000
82654,78008710,RY,29151,2024-01-31,97.610000
82654,78008710,RY,29151,2024-02-29,97.080000
82654,78008710,RY,29151,2024-03-28,100.880000
82654,78008710,RY,29151,2024-04-30,96.830000
82654,78008710,RY,29151,2024-05-31,109.270000
82654,78008710,RY,29151,2024-06-28,106.380000
82654,78008710,RY,29151,2024-07-31,111.740000
82654,78008710,RY,29151,2024-08-30,120.780000
82654,78008710,RY,29151,2024-09-30,124.730000
82654,78008710,RY,29151,2024-10-31,120.890000
82654,78008710,RY,29151,2024-11-29,125.670000
82654,78008710,RY,29151,2024-12-31,120.510000
82654,78008710,RY,29151,2025-01-31,121.930000
82654,78008710,RY,29151,2025-02-28,118.170000
82654,78008710,RY,29151,2025-03-31,112.720000
82654,78008710,RY,29151,2025-04-30,119.880000
82654,78008710,RY,29151,2025-05-30,126.660000
82654,78008710,RY,29151,2025-06-30,131.550000
82654,78008710,RY,29151,2025-07-31,128.460000
82654,78008710,RY,29151,2025-08-29,145.360000
82654,78008710,RY,29151,2025-09-30,147.320000
82654,78008710,RY,29151,2025-10-31,146.500000
82654,78008710,RY,29151,2025-11-28,154.090000
82654,78008710,RY,29151,2025-12-31,170.490000
84788,02313510,AMZN,15473,2020-01-31,2008.720000
84788,02313510,AMZN,15473,2020-02-28,1883.750000
84788,02313510,AMZN,15473,2020-03-31,1949.720000
84788,02313510,AMZN,15473,2020-04-30,2474.000000
84788,02313510,AMZN,15473,2020-05-29,2442.370000
84788,02313510,AMZN,15473,2020-06-30,2758.820000
84788,02313510,AMZN,15473,2020-07-31,3164.680000
84788,02313510,AMZN,15473,2020-08-31,3450.960000
84788,02313510,AMZN,15473,2020-09-30,3148.730000
84788,02313510,AMZN,15473,2020-10-30,3036.150000
84788,02313510,AMZN,15473,2020-11-30,3168.040000
84788,02313510,AMZN,15473,2020-12-31,3256.930000
84788,02313510,AMZN,15473,2021-01-29,3206.200000
84788,02313510,AMZN,15473,2021-02-26,3092.930000
84788,02313510,AMZN,15473,2021-03-31,3094.080000
84788,02313510,AMZN,15473,2021-04-30,3467.420000
84788,02313510,AMZN,15473,2021-05-28,3223.070000
84788,02313510,AMZN,15473,2021-06-30,3440.160000
84788,02313510,AMZN,15473,2021-07-30,3327.590000
84788,02313510,AMZN,15473,2021-08-31,3470.790000
84788,02313510,AMZN,15473,2021-09-30,3285.040000
84788,02313510,AMZN,15473,2021-10-29,3372.430000
84788,02313510,AMZN,15473,2021-11-30,3507.070000
84788,02313510,AMZN,15473,2021-12-31,3334.340000
84788,02313510,AMZN,15473,2022-01-31,2991.470000
84788,02313510,AMZN,15473,2022-02-28,3071.260000
84788,02313510,AMZN,15473,2022-03-31,3259.950000
84788,02313510,AMZN,15473,2022-04-29,2485.630000
84788,02313510,AMZN,15473,2022-05-31,2404.190000
84788,02313510,AMZN,15473,2022-06-30,106.210000
84788,02313510,AMZN,15473,2022-07-29,134.950000
84788,02313510,AMZN,15473,2022-08-31,126.770000
84788,02313510,AMZN,15473,2022-09-30,113.000000
84788,02313510,AMZN,15473,2022-10-31,102.440000
84788,02313510,AMZN,15473,2022-11-30,96.540000
84788,02313510,AMZN,15473,2022-12-30,84.000000
84788,02313510,AMZN,15473,2023-01-31,103.130000
84788,02313510,AMZN,15473,2023-02-28,94.230000
84788,02313510,AMZN,15473,2023-03-31,103.290000
84788,02313510,AMZN,15473,2023-04-28,105.450000
84788,02313510,AMZN,15473,2023-05-31,120.580000
84788,02313510,AMZN,15473,2023-06-30,130.360000
84788,02313510,AMZN,15473,2023-07-31,133.680000
84788,02313510,AMZN,15473,2023-08-31,138.010000
84788,02313510,AMZN,15473,2023-09-29,127.120000
84788,02313510,AMZN,15473,2023-10-31,133.090000
84788,02313510,AMZN,15473,2023-11-30,146.090000
84788,02313510,AMZN,15473,2023-12-29,151.940000
84788,02313510,AMZN,15473,2024-01-31,155.200000
84788,02313510,AMZN,15473,2024-02-29,176.760000
84788,02313510,AMZN,15473,2024-03-28,180.380000
84788,02313510,AMZN,15473,2024-04-30,175.000000
84788,02313510,AMZN,15473,2024-05-31,176.440000
84788,02313510,AMZN,15473,2024-06-28,193.250000
84788,02313510,AMZN,15473,2024-07-31,186.980000
84788,02313510,AMZN,15473,2024-08-30,178.500000
84788,02313510,AMZN,15473,2024-09-30,186.330000
84788,02313510,AMZN,15473,2024-10-31,186.400000
84788,02313510,AMZN,15473,2024-11-29,207.890000
84788,02313510,AMZN,15473,2024-12-31,219.390000
84788,02313510,AMZN,15473,2025-01-31,237.680000
84788,02313510,AMZN,15473,2025-02-28,212.280000
84788,02313510,AMZN,15473,2025-03-31,190.260000
84788,02313510,AMZN,15473,2025-04-30,184.420000
84788,02313510,AMZN,15473,2025-05-30,205.010000
84788,02313510,AMZN,15473,2025-06-30,219.390000
84788,02313510,AMZN,15473,2025-07-31,234.110000
84788,02313510,AMZN,15473,2025-08-29,229.000000
84788,02313510,AMZN,15473,2025-09-30,219.570000
84788,02313510,AMZN,15473,2025-10-31,244.220000
84788,02313510,AMZN,15473,2025-11-28,233.220000
84788,02313510,AMZN,15473,2025-12-31,230.820000
86115,15101Q20,CLS,34775,2020-01-31,9.040000
86115,15101Q20,CLS,34775,2020-02-28,6.320000
86115,15101Q20,CLS,34775,2020-03-31,3.500000
86115,15101Q20,CLS,34775,2020-04-30,6.230000
86115,15101Q20,CLS,34775,2020-05-29,6.780000
86115,15101Q20,CLS,34775,2020-06-30,6.830000
86115,15101Q20,CLS,34775,2020-07-31,8.270000
86115,15101Q20,CLS,34775,2020-08-31,7.950000
86115,15101Q20,CLS,34775,2020-09-30,6.900000
86115,15101Q20,CLS,34775,2020-10-30,5.870000
86115,15101Q20,CLS,34775,2020-11-30,7.530000
86115,15101Q20,CLS,34775,2020-12-31,8.070000
86115,15101Q20,CLS,34775,2021-01-29,8.070000
86115,15101Q20,CLS,34775,2021-02-26,8.280000
86115,15101Q20,CLS,34775,2021-03-31,8.370000
86115,15101Q20,CLS,34775,2021-04-30,8.330000
86115,15101Q20,CLS,34775,2021-05-28,8.620000
86115,15101Q20,CLS,34775,2021-06-30,7.850000
86115,15101Q20,CLS,34775,2021-07-30,8.870000
86115,15101Q20,CLS,34775,2021-08-31,9.500000
86115,15101Q20,CLS,34775,2021-09-30,8.880000
86115,15101Q20,CLS,34775,2021-10-29,9.820000
86115,15101Q20,CLS,34775,2021-11-30,10.230000
86115,15101Q20,CLS,34775,2021-12-31,11.130000
86115,15101Q20,CLS,34775,2022-01-31,12.450000
86115,15101Q20,CLS,34775,2022-02-28,11.890000
86115,15101Q20,CLS,34775,2022-03-31,11.910000
86115,15101Q20,CLS,34775,2022-04-29,11.230000
86115,15101Q20,CLS,34775,2022-05-31,11.030000
86115,15101Q20,CLS,34775,2022-06-30,9.720000
86115,15101Q20,CLS,34775,2022-07-29,10.540000
86115,15101Q20,CLS,34775,2022-08-31,10.320000
86115,15101Q20,CLS,34775,2022-09-30,8.410000
86115,15101Q20,CLS,34775,2022-10-31,10.960000
86115,15101Q20,CLS,34775,2022-11-30,11.160000
86115,15101Q20,CLS,34775,2022-12-30,11.270000
86115,15101Q20,CLS,34775,2023-01-31,13.330000
86115,15101Q20,CLS,34775,2023-02-28,12.950000
86115,15101Q20,CLS,34775,2023-03-31,12.900000
86115,15101Q20,CLS,34775,2023-04-28,10.860000
86115,15101Q20,CLS,34775,2023-05-31,12.730000
86115,15101Q20,CLS,34775,2023-06-30,14.500000
86115,15101Q20,CLS,34775,2023-07-31,21.980000
86115,15101Q20,CLS,34775,2023-08-31,23.310000
86115,15101Q20,CLS,34775,2023-09-29,24.520000
86115,15101Q20,CLS,34775,2023-10-31,23.350000
86115,15101Q20,CLS,34775,2023-11-30,26.960000
86115,15101Q20,CLS,34775,2023-12-29,29.280000
86115,15101Q20,CLS,34775,2024-01-31,34.360000
86115,15101Q20,CLS,34775,2024-02-29,42.530000
86115,15101Q20,CLS,34775,2024-03-28,44.940000
86115,15101Q20,CLS,34775,2024-04-30,43.330000
86115,15101Q20,CLS,34775,2024-05-31,55.920000
86115,15101Q20,CLS,34775,2024-06-28,57.330000
86115,15101Q20,CLS,34775,2024-07-31,52.440000
86115,15101Q20,CLS,34775,2024-08-30,50.920000
86115,15101Q20,CLS,34775,2024-09-30,51.120000
86115,15101Q20,CLS,34775,2024-10-31,68.400000
86115,15101Q20,CLS,34775,2024-11-29,85.240000
86115,15101Q20,CLS,34775,2024-12-31,92.300000
86115,15101Q20,CLS,34775,2025-01-31,123.470000
86115,15101Q20,CLS,34775,2025-02-28,107.050000
86115,15101Q20,CLS,34775,2025-03-31,78.810000
86115,15101Q20,CLS,34775,2025-04-30,85.350000
86115,15101Q20,CLS,34775,2025-05-30,115.380000
86115,15101Q20,CLS,34775,2025-06-30,156.110000
86115,15101Q20,CLS,34775,2025-07-31,199.860000
86115,15101Q20,CLS,34775,2025-08-29,194.750000
86115,15101Q20,CLS,34775,2025-09-30,246.380000
86115,15101Q20,CLS,34775,2025-10-31,344.480000
86115,15101Q20,CLS,34775,2025-11-28,344.410000
86115,15101Q20,CLS,34775,2025-12-31,295.610000
87212,56501R10,MFC,35276,2020-01-31,19.470000
87212,56501R10,MFC,35276,2020-02-28,16.840000
87212,56501R10,MFC,35276,2020-03-31,12.540000
87212,56501R10,MFC,35276,2020-04-30,12.600000
87212,56501R10,MFC,35276,2020-05-29,12.410000
87212,56501R10,MFC,35276,2020-06-30,13.620000
87212,56501R10,MFC,35276,2020-07-31,13.420000
87212,56501R10,MFC,35276,2020-08-31,14.750000
87212,56501R10,MFC,35276,2020-09-30,13.910000
87212,56501R10,MFC,35276,2020-10-30,13.580000
87212,56501R10,MFC,35276,2020-11-30,17.060000
87212,56501R10,MFC,35276,2020-12-31,17.820000
87212,56501R10,MFC,35276,2021-01-29,18.080000
87212,56501R10,MFC,35276,2021-02-26,19.920000
87212,56501R10,MFC,35276,2021-03-31,21.500000
87212,56501R10,MFC,35276,2021-04-30,21.850000
87212,56501R10,MFC,35276,2021-05-28,20.900000
87212,56501R10,MFC,35276,2021-06-30,19.700000
87212,56501R10,MFC,35276,2021-07-30,19.330000
87212,56501R10,MFC,35276,2021-08-31,19.480000
87212,56501R10,MFC,35276,2021-09-30,19.240000
87212,56501R10,MFC,35276,2021-10-29,19.490000
87212,56501R10,MFC,35276,2021-11-30,17.950000
87212,56501R10,MFC,35276,2021-12-31,19.070000
87212,56501R10,MFC,35276,2022-01-31,20.820000
87212,56501R10,MFC,35276,2022-02-28,20.260000
87212,56501R10,MFC,35276,2022-03-31,21.350000
87212,56501R10,MFC,35276,2022-04-29,19.560000
87212,56501R10,MFC,35276,2022-05-31,18.530000
87212,56501R10,MFC,35276,2022-06-30,17.330000
87212,56501R10,MFC,35276,2022-07-29,18.320000
87212,56501R10,MFC,35276,2022-08-31,17.290000
87212,56501R10,MFC,35276,2022-09-30,15.670000
87212,56501R10,MFC,35276,2022-10-31,16.550000
87212,56501R10,MFC,35276,2022-11-30,18.030000
87212,56501R10,MFC,35276,2022-12-30,17.840000
87212,56501R10,MFC,35276,2023-01-31,19.800000
87212,56501R10,MFC,35276,2023-02-28,19.760000
87212,56501R10,MFC,35276,2023-03-31,18.360000
87212,56501R10,MFC,35276,2023-04-28,19.750000
87212,56501R10,MFC,35276,2023-05-31,18.520000
87212,56501R10,MFC,35276,2023-06-30,18.910000
87212,56501R10,MFC,35276,2023-07-31,20.000000
87212,56501R10,MFC,35276,2023-08-31,18.480000
87212,56501R10,MFC,35276,2023-09-29,18.280000
87212,56501R10,MFC,35276,2023-10-31,17.420000
87212,56501R10,MFC,35276,2023-11-30,19.590000
87212,56501R10,MFC,35276,2023-12-29,22.100000
87212,56501R10,MFC,35276,2024-01-31,22.110000
87212,56501R10,MFC,35276,2024-02-29,23.740000
87212,56501R10,MFC,35276,2024-03-28,24.990000
87212,56501R10,MFC,35276,2024-04-30,23.320000
87212,56501R10,MFC,35276,2024-05-31,25.960000
87212,56501R10,MFC,35276,2024-06-28,26.620000
87212,56501R10,MFC,35276,2024-07-31,26.630000
87212,56501R10,MFC,35276,2024-08-30,27.610000
87212,56501R10,MFC,35276,2024-09-30,29.550000
87212,56501R10,MFC,35276,2024-10-31,29.210000
87212,56501R10,MFC,35276,2024-11-29,32.130000
87212,56501R10,MFC,35276,2024-12-31,30.710000
87212,56501R10,MFC,35276,2025-01-31,29.910000
87212,56501R10,MFC,35276,2025-02-28,31.160000
87212,56501R10,MFC,35276,2025-03-31,31.150000
87212,56501R10,MFC,35276,2025-04-30,30.620000
87212,56501R10,MFC,35276,2025-05-30,31.840000
87212,56501R10,MFC,35276,2025-06-30,31.960000
87212,56501R10,MFC,35276,2025-07-31,30.960000
87212,56501R10,MFC,35276,2025-08-29,30.750000
87212,56501R10,MFC,35276,2025-09-30,31.150000
87212,56501R10,MFC,35276,2025-10-31,32.370000
87212,56501R10,MFC,35276,2025-11-28,35.210000
87212,56501R10,MFC,35276,2025-12-31,36.280000
